game_id,week,team,home_team_id,opponent,away_team_id,Home_pts,Away_pts,model_prediction_raw,model_prediction,over_under_open,over_under
401871090,6,Troy,2653,Southern Mississip,2572,29.5,17.5,47,48,48.5,48.5
401871051,6,Kennesaw State,338,Jacksonville State,55,27.5,29,56,51,49.5,49.5
401871066,6,Florida Internatio,2229,New Mexico State,166,23,18.5,42,46.5,47.5,47.5
401871052,6,Western Kentucky,98,Missouri State,2623,26.5,21.5,48,54,55.5,55.5
401870766,6,Liberty,2335,Sam Houston State,2534,35.5,20,55.5,53,52.5,52.5
401862794,6,UT San Antonio,2636,South Florida,58,26,30,56,54,54,54
401869933,6,Arkansas State,2032,South Alabama,6,27.5,28.5,56.5,57,57,57
401858254,6,Louisville,97,Florida State,52,33,32,65,59.5,58.5,58.5
401860922,6,Utah State,328,Washington State,265,22,22,44.5,44,44,44
401858487,6,Washington,264,Iowa,2294,25,21,46,42.5,41.5,41.5
401864519,6,San José State,23,Wyoming,2751,27,21.5,48.5,45,44,44
401856826,6,BYU,252,Iowa State,66,32.5,22.5,54.5,49,47.5,47.5
401856823,6,West Virginia,277,Arizona,12,20.5,32,52,57.5,59,59
401866436,6,Bowling Green,189,Sacramento State,16,18.5,20,38,45,46.5,46.5
401858481,6,Nebraska,158,Indiana,84,29,37,66,54.5,51.5,51.5
401856716,6,Missouri,142,Texas A&M,245,29,24,53,50,49.5,49.5
401858256,6,Pittsburgh,221,North Carolina,153,31,19,49.5,47,46.5,46.5
401856824,6,Oklahoma State,197,UCF,2116,25,27.5,52.5,52,52,52
401858260,6,NC State,152,Wake Forest,154,25.5,30,55.5,59.5,60.5,60.5
401862795,6,Army,349,Tulane,2655,31.5,27.5,58.5,48,45.5,45.5
401858482,6,Northwestern,77,Ball State,2050,40,16,56,52.5,51.5,51.5
401856714,6,Florida,57,South Carolina,2579,31.5,23.5,54.5,57.5,58.5,58.5
401869843,6,App State,2026,Old Dominion,295,24,17.5,41.5,49.5,51.5,51.5
401866440,6,UMass,113,Miami (OH),193,21,21,42,48,49.5,49.5
401858257,6,Notre Dame,87,Stanford,24,51.5,11,62.5,57,55.5,55.5
401858480,6,Michigan State,127,Illinois,356,27,32.5,59.5,52.5,50.5,50.5
401858255,6,Georgia Tech,59,Duke,150,24.5,34,59,52,50.5,50.5
401866437,6,Toledo,2649,Buffalo,2084,33,14.5,47.5,53.5,55.5,55.5
401862796,6,North Texas,249,Charlotte,2429,39,21,59.5,62,62.5,62.5
401866435,6,Akron,2006,Eastern Michigan,2199,20.5,23.5,44,49,50.5,50.5
401858259,6,California,25,Virginia Tech,259,25.5,22.5,47.5,51.5,52.5,52.5
401866438,6,Ohio,195,Central Michigan,2117,25,22,47,48,48.5,48.5
401856717,6,Oklahoma,201,Texas,251,22,18,40,41,41.5,41.5
401862799,6,Navy,2426,Tulsa,202,27.5,22,49.5,52.5,53.5,53.5
401856718,6,Vanderbilt,238,Ole Miss,145,34.5,30.5,64.5,59,57.5,57.5
401866439,6,Western Michigan,2711,Kent State,2309,26,15.5,42,45.5,46.5,46.5
401856825,6,Kansas State,2306,Houston,248,30.5,26,56.5,54,53.5,53.5
401858484,6,Oregon,2483,UCLA,26,39.5,22.5,62,61.5,61.5,61.5
401861964,6,Temple,218,Connecticut,41,31,29.5,60,55,53.5,53.5
401862797,6,East Carolina,151,Rice,242,30,17.5,47.5,50,50.5,50.5
401858483,6,Ohio State,194,Maryland,120,44.5,18.5,63,57,55.5,55.5
401856713,6,Arkansas,8,Tennessee,2633,27.5,36.5,64,53,50.5,50.5
401860902,6,Oregon State,204,San Diego State,21,27,23,50,56,57.5,57.5
401869943,6,Marshall,276,Coastal Carolina,324,28,27,55,55.5,55.5,55.5
401856715,6,Kentucky,96,LSU,99,24.5,34,58.5,55.5,54.5,54.5
401864517,6,UTEP,2638,Nevada,2440,23,22.5,45.5,51,52.5,52.5
401862798,6,Memphis,235,UAB,5,41.5,23.5,64.5,60,59,59
401864518,6,UNLV,2439,North Dakota State,2449,23,27,50,.,.,.
401858258,6,Virginia,258,Syracuse,183,34,19,53,51,50.5,50.5
401858485,6,Penn State,213,USC,30,35,31.5,66.5,57.5,55.5,55.5
401856712,6,Alabama,333,Georgia,61,30.5,28,58.5,57,56.5,56.5
401869949,6,Georgia Southern,290,James Madison,256,24,33.5,58,55,54.5,54.5
401869965,6,Louisiana Tech,2348,Louisiana,309,27.5,24,51.5,50.5,50.5,50.5
401864516,6,Northern Illinois,2459,Air Force,2005,24,26,50,.,.,.
401858486,6,Purdue,2509,Minnesota,135,26.5,33.5,60,51.5,49.5,49.5
401856827,6,Utah,254,Kansas,2305,33.5,21,54.5,52.5,52,52
401856808,6,Arizona State,9,Hawai'i,62,29,22,50.5,52,52.5,52.5
401860901,6,Fresno State,278,Boise State,68,25.5,25,50,49,48.5,48.5