game_id,week,team,home_team_id,opponent,away_team_id,model_prediction_raw,model_prediction,opening_spread,cover_probability,edge,Market Total,total_bin_close,
401860901,6,Fresno State,278,Boise State,68,-6.5,3,8.5,0.62989897,0.106089,48.5,1,-15
401860902,6,San Diego State,21,Oregon State,204,-0.5,9.5,14.5,0.6112678,0.087458,57.5,2,-15
401871051,6,Kennesaw State,338,Jacksonville State,55,-7.5,-0.5,3.5,0.59442156,0.070612,49.5,1,-11
401866440,6,Miami (OH),193,UMass,113,-16,-7,-2.5,0.59255858,0.068749,49.5,1,-13.5
401858259,6,California,25,Virginia Tech,259,0.5,7,10.5,0.59007545,0.066266,52.5,2,-10
401856808,6,Hawai'i,62,Arizona State,9,9,17.5,22,0.58373662,0.059927,52.5,2,-13
401866436,6,Sacramento State,16,Bowling Green,189,-4.5,3,7,0.58089841,0.057089,46.5,1,-11.5
401856824,6,UCF,2116,Oklahoma State,197,3.5,8,10.5,0.57296148,0.049152,52,2,-7
401870766,6,Liberty,2335,Sam Houston State,2534,-26,-18,-13.5,0.56291631,0.039107,52.5,2,-12.5
401856712,6,Alabama,333,Georgia,61,-7.5,-1.5,1.5,0.54880002,0.02499,56.5,2,-9
401856718,6,Vanderbilt,238,Ole Miss,145,8,9.5,10.5,0.54700188,0.023192,57.5,2,-2.5
401858257,6,Notre Dame,87,Stanford,24,-44.5,-39.5,-36.5,0.54390739,0.020098,55.5,2,-8
401862795,6,Tulane,2655,Army,349,0.5,4,5.5,0.54272466,0.018915,45.5,1,-5
401856826,6,Iowa State,66,BYU,252,7.5,9.5,10.5,0.54107882,0.017269,47.5,1,-3
401858254,6,Florida State,52,Louisville,97,2.5,5,6.5,0.53855211,0.014743,58.5,2,-4
401856717,6,Oklahoma,201,Texas,251,6,8.5,9.5,0.53777286,0.013963,41.5,1,-3.5
401856714,6,South Carolina,2579,Florida,57,10,12.5,14,0.53690123,0.013092,58.5,2,-4
401856825,6,Kansas State,2306,Houston,248,-8.5,-4.5,-2.5,0.53585582,0.012046,53.5,2,-6
401869965,6,Louisiana Tech,2348,Louisiana,309,-7.5,-4.5,-2.5,0.53585582,0.012046,50.5,2,-5
401856716,6,Texas A&M,245,Missouri,142,1,2.5,3.5,0.53580824,0.011999,49.5,1,-2.5
401866435,6,Eastern Michigan,2199,Akron,2006,-14.5,-8.5,-5.5,0.53558074,0.011771,50.5,2,-9
401862797,6,Rice,242,East Carolina,151,8.5,9,9.5,0.53545615,0.011647,50.5,2,-1
401866438,6,Ohio,195,Central Michigan,2117,-10.5,-6,-3.5,0.53503122,0.011222,48.5,1,-7
401862794,6,South Florida,58,UT San Antonio,2636,2,5.5,7,0.52996228,0.006153,54,2,-5
401869949,6,Georgia Southern,290,James Madison,256,10,9.5,9.5,0.52674771,0.002938,54.5,2,0.5
401858481,6,Nebraska,158,Indiana,84,10.5,9.5,9.5,0.52674771,0.002938,51.5,2,1
401871066,6,New Mexico State,166,Florida Internatio,2229,2.5,3,3.5,0.52592049,0.002111,47.5,1,-1
401858485,6,Penn State,213,USC,30,-3,0,1.5,0.52321624,-0.00059,55.5,2,-4.5
401858487,6,Iowa,2294,Washington,264,-2.5,1,2.5,0.5221594,-0.00165,41.5,1,-5
401862798,6,UAB,5,Memphis,235,15,15.5,16,0.52032993,-0.00348,59,2,-1
401866437,6,Buffalo,2084,Toledo,2649,17.5,19,19.5,0.51972962,-0.00408,55.5,2,-2
401860922,6,Utah State,328,Washington State,265,-8,-5,-3.5,0.51519717,-0.00861,44,1,-4.5
401858256,6,Pittsburgh,221,North Carolina,153,-8,-5,-3.5,0.51519717,-0.00861,46.5,1,-4.5
401869843,6,Old Dominion,295,App State,2026,10,9.5,9,0.51381056,-0.01,51.5,2,1
401864519,6,Wyoming,2751,San José State,23,4,5.5,6,0.51292659,-0.01088,44,1,-2
401862796,6,Charlotte,2429,North Texas,249,25,24.5,24.5,0.51199948,-0.01181,62.5,3,0.5
401858483,6,Maryland,120,Ohio State,194,35,35,35.5,0.51166298,-0.01215,55.5,2,-0.5
401856713,6,Arkansas,8,Tennessee,2633,15,14,13.5,0.51041423,-0.0134,50.5,2,1.5
401856715,6,Kentucky,96,LSU,99,12,10.5,10,0.50928025,-0.01453,54.5,2,2
401858482,6,Northwestern,77,Ball State,2050,-37,-35.5,-34.5,0.50920099,-0.01461,51.5,2,-2.5
401869933,6,Arkansas State,2032,South Alabama,6,-4,-2,-1.5,0.50818082,-0.01563,57,2,-2.5
401871090,6,Southern Mississip,2572,Troy,2653,10,10,10,0.507609,-0.0162,48.5,1,0
401856827,6,Kansas,2305,Utah,254,16.5,15.5,15,0.50648359,-0.01733,52,2,1.5
401862799,6,Navy,2426,Tulsa,202,-9.5,-5,-3,0.50589878,-0.01791,53.5,2,-6.5
401856823,6,Arizona,12,West Virginia,277,-8.5,-5,-3,0.50589878,-0.01791,59,2,-5.5
401858486,6,Minnesota,135,Purdue,2509,-6.5,-4.5,-3.5,0.50526771,-0.01854,49.5,1,-3
401858258,6,Syracuse,183,Virginia,258,12.5,10,8.5,0.50508894,-0.01872,50.5,2,4
401864517,6,Nevada,2440,UTEP,2638,-13.5,-11,-9.5,0.50365884,-0.02015,52.5,2,-4
401866439,6,Kent State,2309,Western Michigan,2711,17.5,16,15.5,0.50270617,-0.0211,46.5,1,2
401858484,6,Oregon,2483,UCLA,26,-15.5,-13,-11.5,0.50198815,-0.02182,61.5,3,-4
401869943,6,Marshall,276,Coastal Carolina,324,-2,-2.5,-2.5,0.50160871,-0.0222,55.5,2,0.5
401858258,6,Virginia,258,Syracuse,183,-12.5,-10,-8.5,0.50103986,-0.02277,50.5,2,-4
401864517,6,UTEP,2638,Nevada,2440,13.5,11,9.5,0.50052944,-0.02328,52.5,2,4
401871052,6,Western Kentucky,98,Missouri State,2623,-2,-1.5,-1.5,0.49960995,-0.0242,55.5,2,-0.5
401858484,6,UCLA,26,Oregon,2483,15.5,13,11.5,0.49805053,-0.02576,61.5,3,4
401871052,6,Missouri State,2623,Western Kentucky,98,2,1.5,1.5,0.49752939,-0.02628,55.5,2,0.5
401858480,6,Illinois,356,Michigan State,127,-8,-4.5,-3,0.49730427,-0.02651,50.5,2,-5
401858486,6,Purdue,2509,Minnesota,135,6.5,4.5,3.5,0.49616975,-0.02764,49.5,1,3
401866439,6,Western Michigan,2711,Kent State,2309,-17.5,-16,-15.5,0.49595904,-0.02785,46.5,1,-2
401869943,6,Coastal Carolina,324,Marshall,276,2,2.5,2.5,0.49526408,-0.02855,55.5,2,-0.5
401858260,6,NC State,152,Wake Forest,154,2,2.5,3,0.49356375,-0.03025,60.5,3,-1
401856713,6,Tennessee,2633,Arkansas,8,-15,-14,-13.5,0.49255789,-0.03125,50.5,2,-1.5
401869933,6,South Alabama,6,Arkansas State,2032,4,2,1.5,0.48896173,-0.03485,57,2,2.5
401862796,6,North Texas,249,Charlotte,2429,-25,-24.5,-24.5,0.48844075,-0.03537,62.5,3,-0.5
401858255,6,Georgia Tech,59,Duke,150,10.5,8,7,0.4868199,-0.03699,50.5,2,3.5
401861964,6,Connecticut,41,Temple,218,2.5,3,3,0.48669817,-0.03711,53.5,2,-0.5
401860922,6,Washington State,265,Utah State,328,8,5,3.5,0.48624346,-0.03757,44,1,4.5
401858256,6,North Carolina,153,Pittsburgh,221,8,5,3.5,0.48624346,-0.03757,46.5,1,4.5
401856827,6,Utah,254,Kansas,2305,-16.5,-15.5,-15,0.48337158,-0.04044,52,2,-1.5
401858482,6,Ball State,2050,Northwestern,77,37,35.5,34.5,0.48213859,-0.04167,51.5,2,2.5
401858255,6,Duke,150,Georgia Tech,59,-10.5,-8,-7,0.48169054,-0.04212,50.5,2,-3.5
401858483,6,Ohio State,194,Maryland,120,-35,-35,-35.5,0.48053778,-0.04327,55.5,2,0.5
401866437,6,Toledo,2649,Buffalo,2084,-17.5,-19,-19.5,0.47883279,-0.04498,55.5,2,2
401869843,6,App State,2026,Old Dominion,295,-10,-9.5,-9,0.47748524,-0.04632,51.5,2,-1
401858481,6,Indiana,84,Nebraska,158,-10.5,-9.5,-9.5,0.47748524,-0.04632,51.5,2,-1
401869949,6,James Madison,256,Georgia Southern,290,-10,-9.5,-9.5,0.47748524,-0.04632,54.5,2,-0.5
401856715,6,LSU,99,Kentucky,96,-12,-10.5,-10,0.47658124,-0.04723,54.5,2,-2
401871066,6,Florida Internatio,2229,New Mexico State,166,-2.5,-3,-3.5,0.47550112,-0.04831,47.5,1,1
401858487,6,Washington,264,Iowa,2294,2.5,-1,-2.5,0.47434037,-0.04947,41.5,1,5
401858485,6,USC,30,Penn State,213,3,0,-1.5,0.47391647,-0.04989,55.5,2,4.5
401861964,6,Temple,218,Connecticut,41,-2.5,-3,-3,0.47155707,-0.05225,53.5,2,0.5
401864519,6,San José State,23,Wyoming,2751,-4,-5.5,-6,0.4699956,-0.05381,44,1,2
401862797,6,East Carolina,151,Rice,242,-8.5,-9,-9.5,0.46878522,-0.05502,50.5,2,1
401858260,6,Wake Forest,154,NC State,152,-2,-2.5,-3,0.46855271,-0.05526,60.5,3,1
401862798,6,Memphis,235,UAB,5,-15,-15.5,-16,0.46786127,-0.05595,59,2,1
401866438,6,Central Michigan,2117,Ohio,195,10.5,6,3.5,0.46641259,-0.0574,48.5,1,7
401871090,6,Troy,2653,Southern Mississip,2572,-10,-10,-10,0.46636801,-0.05744,48.5,1,0
401856716,6,Missouri,142,Texas A&M,245,-1,-2.5,-3.5,0.46560597,-0.0582,49.5,1,2.5
401866435,6,Akron,2006,Eastern Michigan,2199,14.5,8.5,5.5,0.46195528,-0.06185,50.5,2,9
401858480,6,Michigan State,127,Illinois,356,8,4.5,3,0.46103988,-0.06277,50.5,2,5
401869965,6,Louisiana,309,Louisiana Tech,2348,7.5,4.5,2.5,0.46103988,-0.06277,50.5,2,5
401856825,6,Houston,248,Kansas State,2306,8.5,4.5,2.5,0.46103988,-0.06277,53.5,2,6
401856717,6,Texas,251,Oklahoma,201,-6,-8.5,-9.5,0.46026033,-0.06355,41.5,1,3.5
401862795,6,Army,349,Tulane,2655,-0.5,-4,-5.5,0.45943754,-0.06437,45.5,1,5
401856718,6,Ole Miss,145,Vanderbilt,238,-8,-9.5,-10.5,0.45915358,-0.06466,57.5,2,2.5
401858254,6,Louisville,97,Florida State,52,-2.5,-5,-6.5,0.45899699,-0.06481,58.5,2,4
401856826,6,BYU,252,Iowa State,66,-7.5,-9.5,-10.5,0.45632946,-0.06748,47.5,1,3
401856823,6,West Virginia,277,Arizona,12,8.5,5,3,0.45251285,-0.0713,59,2,5.5
401862799,6,Tulsa,202,Navy,2426,9.5,5,3,0.45251285,-0.0713,53.5,2,6.5
401856712,6,Georgia,61,Alabama,333,7.5,1.5,-1.5,0.44833063,-0.07548,56.5,2,9
401858257,6,Stanford,24,Notre Dame,87,44.5,39.5,36.5,0.44776399,-0.07605,55.5,2,8
401856714,6,Florida,57,South Carolina,2579,-10,-12.5,-14,0.44623236,-0.07758,58.5,2,4
401870766,6,Sam Houston State,2534,Liberty,2335,26,18,13.5,0.43963345,-0.08418,52.5,2,12.5
401862794,6,UT San Antonio,2636,South Florida,58,-2,-5.5,-7,0.43858492,-0.08522,54,2,5
401856824,6,Oklahoma State,197,UCF,2116,-3.5,-8,-10.5,0.4332,-0.09061,52,2,7
401858259,6,Virginia Tech,259,California,25,-0.5,-7,-10.5,0.41606887,-0.10774,52.5,2,10
401871051,6,Jacksonville State,55,Kennesaw State,338,7.5,0.5,-3.5,0.4069269,-0.11688,49.5,1,11
401866440,6,UMass,113,Miami (OH),193,16,7,2.5,0.40410498,-0.1197,49.5,1,13.5
401856808,6,Arizona State,9,Hawai'i,62,-9,-17.5,-22,0.40177063,-0.12204,52.5,2,13
401860902,6,Oregon State,204,San Diego State,21,0.5,-9.5,-14.5,0.39457077,-0.12924,57.5,2,15
401866436,6,Bowling Green,189,Sacramento State,16,4.5,-3,-7,0.3864197,-0.13739,46.5,1,11.5
401860901,6,Boise State,68,Fresno State,278,6.5,-3,-8.5,0.3696833,-0.15413,48.5,1,15
401864516,6,Northern Illinois,2459,Air Force,2005,12,-4.5,-13.5,0.30909819,-0.21471,47.5,1,
401864516,6,Air Force,2005,Northern Illinois,2459,-12,4.5,13.5,0.6851142,0.161305,47.5,1,
401864518,6,UNLV,2439,North Dakota State,2449,-4.5,-4,-3.5,0.49533791,-0.02847,49.5,1,
401864518,6,North Dakota State,2449,UNLV,2439,4.5,4,3.5,0.50609532,-0.01771,49.5,1,