week,Team,Model Prediction,Spread,Cover Probability (%),Edge,6.094722,Offensive Expected Points (Season),Defensive Expected Points (Season),Offensive Success Rate (%),Defensive Success Rate (%),Offensive Eckel Rate Over Expected (%),Defensive Eckel Rate Over Expected (%),QB Expected Points Added (Career),QB Expected Points Added (Last 10 games),PROE,Qbname,Raw_model,bin_cat
5,ARI,8,5.5,48.18%,-0.04201,-1.16265,-1.16265,7.876566,0.461538462,0.555102041,0.395348837,0.56097561,0.470196,1.156397,-0.006035646,J.Brissett,54,2
5,BUF,-3.5,2.5,53.78%,0.01399,9.197264,9.197264,1.102887,0.478087649,0.508710801,0.536585366,0.5,6.992424,10.00758,-0.010033711,J.Allen,47,1
5,CHI,4.5,-1.5,48.66%,-0.03721,7.895812,7.895812,1.04742,0.487012987,0.589108911,0.642857143,0.435897436,-0.27129,-5.74136,-0.047071237,T.bagent,36.5,1
5,CIN,-13.5,-7.5,62.86%,0.10479,4.922035,4.922035,5.461652,0.447058824,0.56916996,0.5,0.5,5.937708,6.027415,0.026745008,J.Burrow,42.5,2
5,CLE,-8,1.5,53.71%,0.01329,-9.89569,-9.89569,-5.78523,0.438818565,0.552631579,0.525,0.511627907,3.519467,-5.27078,-0.025291116,D.Watson,41.5,1
5,DEN,-0.5,-3.5,44.61%,-0.07771,-0.41842,-0.41842,-2.95902,0.411522634,0.564102564,0.384615385,0.488372093,2.82888,4.199461,-0.053220783,B.Nix,35.5,2
5,DET,-8,-5.5,51.80%,-0.00581,4.011752,4.011752,5.272931,0.496376812,0.508361204,0.56097561,0.56097561,4.622711,7.141808,-0.024368315,J.Goff,54,2
5,GB,-4.5,1.5,51.34%,-0.01041,3.995365,3.995365,3.550521,0.388,0.533834586,0.441860465,0.418604651,7.927775,8.542717,-0.008476822,J.Love,36.5,1
5,HOU,-11,-6.5,59.87%,0.07489,-3.17594,-3.17594,-7.62791,0.426415094,0.598484848,0.422222222,0.488372093,2.532833,0.992605,-0.042703453,C.Stroud,35.5,3
5,IND,9.5,2,35.68%,-0.16701,1.635247,1.635247,3.749519,0.437007874,0.564885496,0.466666667,0.52173913,0.396156,1.315485,-0.057444019,D.Jones,46,1
5,JAX,-4,-4,48.17%,-0.04211,3.995264,3.995264,-5.96473,0.482905983,0.56626506,0.542857143,0.594594595,1.679904,8.651625,-0.060746147,T.Lawrence,41,2
5,LA,3.5,-2.5,46.21%,-0.06171,8.882694,8.882694,-0.30371,0.463157895,0.597609562,0.522727273,0.428571429,4.361132,7.970588,-0.011651609,M.Stafford,47,1
5,LAC,0.5,3.5,55.39%,0.03009,-5.0698,-5.0698,-5.64081,0.408396947,0.568627451,0.319148936,0.434782609,3.873505,-1.35797,-0.120343667,J.Herbert,35.5,2
5,LV,8,3.5,46.20%,-0.06181,-12.8307,-12.8307,-2.60231,0.441605839,0.578125,0.511627907,0.347826087,3.484594,3.617755,-0.052086142,K.Cousins,47.5,2
5,MIA,13.5,7.5,37.12%,-0.15261,-3.37961,-3.37961,3.776423,0.348017621,0.533057851,0.297297297,0.594594595,0.784504,5.032883,-0.121187713,M.Willis,42.5,2
5,NE,-8,-3.5,53.79%,0.01409,2.987665,2.987665,-5.67556,0.432950192,0.581589958,0.487804878,0.341463415,4.542988,2.896536,-0.0141099,D.Maye,47.5,2
5,NYJ,8,-1.5,46.28%,-0.06101,-8.22996,-8.22996,7.048199,0.434042553,0.503816794,0.475,0.473684211,0.35269,-2.71131,-0.066552024,G.Smith,41.5,1
5,PHI,4,4,48.17%,-0.04211,1.199739,1.199739,-4.02236,0.366666667,0.532608696,0.414634146,0.5,4.28262,1.994758,-0.080959105,J.Hurts,41,2
5,PIT,-9.5,-2,60.99%,0.08609,-5.49366,-5.49366,-0.2506,0.426415094,0.538793103,0.369565217,0.534883721,8.274644,-4.29273,0.016581472,A.Rodgers,46,1
5,SEA,-2.5,-3,44.61%,-0.07771,2.918313,2.918313,-12.5899,0.450819672,0.625482625,0.422222222,0.244444444,0.317736,2.815843,-0.079471931,S.Darnold,49.5,1
5,SF,2.5,3,44.61%,-0.07771,7.189276,7.189276,4.534664,0.541125541,0.555147059,0.527777778,0.444444444,8.187933,9.48765,0.021266054,B.Purdy,49.5,1
5,TEN,11,6.5,40.12%,-0.12261,-7.19856,-7.19856,5.501412,0.411504425,0.577358491,0.368421053,0.5,-4.77156,-2.29411,-0.090002368,C.Ward,35.5,3
5,DAL,-9.5,-10,44.76%,-0.07621,6.978467,6.978467,9.974114,0.490566038,0.484251969,0.611111111,0.58974359,6.469108,9.006702,0.041786244,D.Prescott,56.5,3
5,TB,9.5,10,44.74%,-0.07641,-4.1548,-4.1548,-0.36457,0.388888889,0.595744681,0.372093023,0.463414634,1.823493,-0.02091,-0.034043863,J.Daniels,56.5,3
5,ATL,5,4.5,49.52%,-0.02861,-3.69085,-3.69085,0.697049,0.486166008,0.622222222,0.511111111,0.465116279,3.073587,2.634544,-0.112364876,M.Penix,39,2
5,BAL,-5,-4.5,50.48%,-0.01901,4.149129,4.149129,-2.3121,0.502024291,0.558139535,0.477272727,0.476190476,-1.62756,-1.26297,-0.0626581,T.Huntley,39,2
5,MIN,-9,-1,63.57%,0.11189,-7.87174,-7.87174,-6.59668,0.346774194,0.682730924,0.431818182,0.369565217,2.422723,3.218298,-0.064296328,K.Murray,41.5,1
5,NO,9,1,35.61%,-0.16771,-5.23433,-5.23433,-3.39694,0.450657895,0.478599222,0.488372093,0.547619048,0.749608,1.279654,-0.009235887,T.Shough,41.5,1
5,NYG,1.5,-3.5,40.73%,-0.11651,3.958264,3.958264,6.088693,0.405511811,0.533057851,0.58974359,0.425,2.704998,-1.91525,-0.129127119,J.Winston,46,2
5,WAS,-1.5,3.5,59.25%,0.06869,-0.12745,-0.12745,10.80773,0.386029412,0.539748954,0.434782609,0.444444444,6.398741,2.897187,-0.043868122,J.Daniels,46,2