week,game,team,team_logo_espn,game_date_est,game_time_est,last_update_api,model_prediction,market_line,market_price,cover_probability,edge,best_book,best_line,best_price,best_cover_probability,best_edge
5,BUF@LA,BUF,https://a.espncdn.com/i/teamlogos/nfl/500/buf.png,2026-10-12,08:15 PM,2026-10-05T14:24:02Z,0.5,2.5,100,0.5357798115034597,0.03577981150345966,theScore Bet,2.5,100,0.5357798115034597,0.03577981150345966
5,BUF@LA,LA,https://a.espncdn.com/i/teamlogos/nfl/500/lar.png,2026-10-12,08:15 PM,2026-10-05T14:24:02Z,-0.5,-2.5,-114,0.46411146879267384,-0.06859881158115788,Caesars,-2.5,-114,0.46411146879267384,-0.06859881158115788
5,CHI@GB,CHI,https://a.espncdn.com/i/teamlogos/nfl/500/chi.png,2026-10-11,01:00 PM,2026-10-05T14:24:02Z,-0,-2.5,-108,0.46210000000000007,-0.05713076923076921,BetMGM,-2.5,-108,0.46210000000000007,-0.05713076923076921
5,CHI@GB,GB,https://a.espncdn.com/i/teamlogos/nfl/500/gb.png,2026-10-11,01:00 PM,2026-10-05T14:24:02Z,0,2.5,-108,0.5378,0.01856923076923067,Caesars,2.5,-108,0.5378,0.01856923076923067
5,CIN@MIA,CIN,https://a.espncdn.com/i/teamlogos/nfl/500/cin.png,2026-10-11,01:00 PM,2026-10-05T14:24:02Z,-9.5,-7.5,-102,0.5898354548673694,0.08488495981786448,Caesars,-7.5,-102,0.5898354548673694,0.08488495981786448
5,CIN@MIA,MIA,https://a.espncdn.com/i/teamlogos/nfl/500/mia.png,2026-10-11,01:00 PM,2026-10-05T14:24:02Z,9.5,7.5,-110,0.4100266853859872,-0.11378283842353665,BetMGM,7.5,-110,0.4100266853859872,-0.11378283842353665
5,CLE@NYJ,CLE,https://a.espncdn.com/i/teamlogos/nfl/500/cle.png,2026-10-11,01:00 PM,2026-10-05T14:24:02Z,-2,1.5,-102,0.5370999999999999,0.032149504950494956,FanDuel,1.5,-102,0.5370999999999999,0.032149504950494956
5,CLE@NYJ,NYJ,https://a.espncdn.com/i/teamlogos/nfl/500/nyj.png,2026-10-11,01:00 PM,2026-10-05T14:24:02Z,2,-1.5,-112,0.4628,-0.06550188679245283,theScore Bet,-2.5,100,0.43540000000000006,-0.06459999999999994
5,DEN@LAC,DEN,https://a.espncdn.com/i/teamlogos/nfl/500/den.png,2026-10-11,04:05 PM,2026-10-05T14:24:02Z,-2.5,-3.5,-105,0.4208492139247833,-0.09134590802643622,theScore Bet,-3.5,-105,0.4208492139247833,-0.09134590802643622
5,DEN@LAC,LAC,https://a.espncdn.com/i/teamlogos/nfl/500/lac.png,2026-10-11,04:05 PM,2026-10-05T14:24:02Z,2.5,3.5,-107,0.5790482283391866,0.06214001577880013,BetRivers,3.5,-107,0.5790482283391866,0.06214001577880013
5,DET@ARI,ARI,https://a.espncdn.com/i/teamlogos/nfl/500/ari.png,2026-10-11,04:25 PM,2026-10-05T14:24:02Z,5.5,4.5,-109,0.4904468718868896,-0.03108422859157922,BetRivers,4.5,-109,0.4904468718868896,-0.03108422859157922
5,DET@ARI,DET,https://a.espncdn.com/i/teamlogos/nfl/500/det.png,2026-10-11,04:25 PM,2026-10-05T14:24:02Z,-5.5,-4.5,-105,0.5094937406238518,-0.0027013813273677467,DraftKings,-4.5,-105,0.5094937406238518,-0.0027013813273677467
5,HOU@TEN,HOU,https://a.espncdn.com/i/teamlogos/nfl/500/hou.png,2026-10-11,01:00 PM,2026-10-05T14:24:02Z,-8,-6.5,-109,0.5987000000000001,0.07716889952153128,BetRivers,-6.5,-109,0.5987000000000001,0.07716889952153128
5,HOU@TEN,TEN,https://a.espncdn.com/i/teamlogos/nfl/500/ten.png,2026-10-11,01:00 PM,2026-10-05T14:24:02Z,8,6.5,-105,0.40120000000000017,-0.11099512195121936,FanDuel,6.5,-105,0.40120000000000017,-0.11099512195121936
5,IND@PIT,IND,https://a.espncdn.com/i/teamlogos/nfl/500/ind.png,2026-10-11,01:00 PM,2026-10-05T14:24:02Z,5,2.5,-110,0.3899,-0.1339095238095238,BetMGM,2.5,-110,0.3899,-0.1339095238095238
5,IND@PIT,PIT,https://a.espncdn.com/i/teamlogos/nfl/500/pit.png,2026-10-11,01:00 PM,2026-10-05T14:24:02Z,-5,-2.5,-108,0.6099000000000002,0.09066923076923095,FanDuel,-1.5,-115,0.643,0.1081162790697675
5,LV@NE,LV,https://a.espncdn.com/i/teamlogos/nfl/500/lv.png,2026-10-11,01:00 PM,2026-10-05T14:24:02Z,5,3.5,-104,0.4619999999999999,-0.047803921568627505,FanDuel,3.5,-104,0.4619999999999999,-0.047803921568627505
5,LV@NE,NE,https://a.espncdn.com/i/teamlogos/nfl/500/ne.png,2026-10-11,01:00 PM,2026-10-05T14:24:02Z,-5,-3.5,-109,0.5379000000000003,0.01636889952153142,BetRivers,-3.5,-109,0.5379000000000003,0.01636889952153142
5,PHI@JAX,JAX,https://a.espncdn.com/i/teamlogos/nfl/500/jax.png,2026-10-11,09:30 AM,2026-10-05T14:24:02Z,-4.5,-4.5,-105,0.5002855219348178,-0.011909600016401733,theScore Bet,-4.5,-105,0.5002855219348178,-0.011909600016401733
5,PHI@JAX,PHI,https://a.espncdn.com/i/teamlogos/nfl/500/phi.png,2026-10-11,09:30 AM,2026-10-05T14:24:02Z,4.5,4.5,-108,0.4997246689296522,-0.019506100301117046,BetRivers,4.5,-108,0.4997246689296522,-0.019506100301117046
5,SF@SEA,SEA,https://a.espncdn.com/i/teamlogos/nfl/500/sea.png,2026-10-11,04:25 PM,2026-10-05T14:24:02Z,-3,-3,-105,0.4461000000000001,-0.06609512195121942,DraftKings,-2.5,-120,0.5539,0.008445454545454534
5,SF@SEA,SF,https://a.espncdn.com/i/teamlogos/nfl/500/sf.png,2026-10-11,04:25 PM,2026-10-05T14:24:02Z,3,3,-110,0.44609999999999994,-0.0777095238095239,DraftKings,2.5,100,0.4461,-0.053900000000000003
