week,game,model_prediction,median_over_line,median_over_price,median_over_cover_probability,median_over_edge,median_under_line,median_under_price,median_under_cover_probability,median_under_edge,best_over_book,best_over_line,best_over_price,best_over_cover_probability,best_over_edge,best_under_book,best_under_line,best_under_price,best_under_cover_probability,best_under_edge
5,BUF@LA,51,53.5,-110,0.42846312,-0.09534640380952386,54,-109,0.57153688,0.05000577952153118,BetRivers,53.5,-109,0.42846312,-0.09306798047846887,DraftKings,53.5,-105,0.57153688,0.0593417580487805
5,CHI@GB,43,44.5,-105,0.45056672,-0.06162840195121955,44.5,-114,0.54943328,0.0167229996261683,BetMGM,44.5,-105,0.45056672,-0.06162840195121955,BetMGM,44.5,-112,0.54943328,0.0211313932075472
5,CIN@MIA,42.5,42.5,-108,0.5005024,-0.01872836923076926,42.5,-110,0.4994976,-0.02431192380952385,DraftKings,41.5,-115,0.52361493,-0.011268790930232475,BetRivers,42.5,-109,0.4994976,-0.02203350047846886
5,CLE@NYJ,41,40.5,-105,0.50907803,-0.003117091951219564,40.5,-118,0.49092197,-0.05036243366972476,theScore Bet,39.5,-115,0.5387356,0.003851879069767472,BetRivers,40.5,-114,0.49092197,-0.04178831037383174
5,DEN@LAC,40,42.5,-110,0.42955871,-0.09425081380952383,42.5,-108,0.57044129,0.051210520769230716,BetMGM,42.5,-110,0.42955871,-0.09425081380952383,DraftKings,43.5,-110,0.60009884,0.07628931619047619
5,DET@ARI,53,54.5,-110,0.45531568,-0.06849384380952384,54.5,-110,0.54468432,0.020874796190476164,FanDuel,53.5,-115,0.48181507,-0.0530686509302325,DraftKings,54.5,-110,0.54468432,0.020874796190476164
5,HOU@TEN,38,39.5,-108,0.46038253,-0.05884823923076926,39.5,-110,0.53961747,0.015807946190476208,FanDuel,39.5,-105,0.46038253,-0.05181259195121951,Caesars,39.5,-108,0.53961747,0.02038670076923077
5,IND@PIT,44.5,43.5,-115,0.52048648,-0.014397240930232535,44.5,-118,0.50711139,-0.034173013669724694,BetRivers,43.5,-108,0.52048648,0.0012557107692307001,FanDuel,43.5,-105,0.47951352,-0.0326816019512195
5,LV@NE,46.5,45.5,-105,0.51857956,0.0063844380487805275,44.5,-105,0.45506597,-0.05712915195121954,BetRivers,44.5,-107,0.54493403,0.02802581743961352,FanDuel,45.5,-115,0.48142044,-0.053463280930232504
5,PHI@JAX,42.5,43.5,-105,0.46738368,-0.0448114419512195,43.5,-115,0.53261632,-0.002267400930232477,DraftKings,43.5,100,0.46738368,-0.032616319999999976,BetRivers,43.5,-109,0.53261632,0.011085219521531187
5,SF@SEA,48,47.5,-104,0.50933861,-4.653115686273912e-4,47.5,-120,0.49066139,-0.05479315545454544,DraftKings,46.5,-110,0.53907815,0.015268626190476198,Caesars,47.5,-114,0.49066139,-0.04204889037383175
