Sport,Bet type,Team,Bet,Odds,Best Book,Notes,Win/Loss
NFL+CFB Futures,See 2026 Futures Tab Below,,,,,,
,,,,,,,
,,,,,,,
,,,,,,,
,,,,,,,
,,,,,,,
,,,,,,,
,,,,,,,
,,,,,,,
,,,,,,,
NFL,Week 4 Spread,SEA,-6.5,-110,TheScore,-120 ok,
NFL,Week 4 Spread,BAL,-11.5,-110,Caesars,-106 at Caesars,
NFL,Week 4 Spread,KC,-4.5,-110,TheScore,-4 -110 @ the score ,
CFB,Week 6 Spread,Fresno State,7.5,-105,BetMGM,-110 ok,
CFB,Week 6 Spread,San Diego State,14.5,-110,FanDuel,up to -120 ok,
CFB,Week 6 Spread,Hawai'i,22.5,-110,Caesars,Caesars 23.5 -110,
CFB,Week 6 Spread,Liberty,-13.5,-110,DraftKings,up to -115 ok,
CFB,Week 6 Spread,Sacramento State,7.5,-110,Caesars,up to -120 ok ,
CFB,Week 6 Spread,Kennesaw State,3.5,-115,DraftKings,,
CFB,Week 6 Spread,California,10.5,-110,DraftKings,,
CFB,Week 6 Spread,Alabama,1.5,-110,Caesars,up to -115 ok or play ml at +100 or better,
CFB,Week 6 Spread,Eastern Michigan,-6,-110,BetMGM,,
CFB,Week 6 Spread,UNLV,3.5,-110,FanDuel,,
CFB,Week 6 Spread,UCF,10.5,-116,TheScore,,