week,game,team,logo,last_update_api,commence_time,model_prediction,market_line,market_price,cover_probability,edge,best_book,best_line,best_price,best_cover_probability,best_edge,game_date_et,game_time_et
4,Air Force Falcons@Nevada Wolf Pack,Air Force Falcons,http://a.espncdn.com/i/teamlogos/ncaa/500/2005.png,2026-09-27T00:39:44Z,2026-09-27T02:30:00Z,-4.5,-5.5,-110,0.46934744,-0.05446208380952383,BetMGM,-5.5,-110,0.46934744,-0.05446208380952383,09/26,10:30 PM
4,Air Force Falcons@Nevada Wolf Pack,Nevada Wolf Pack,http://a.espncdn.com/i/teamlogos/ncaa/500/2440.png,2026-09-27T00:39:44Z,2026-09-27T02:30:00Z,4.5,5.5,-106,0.53281386,0.018250753203883474,FanDuel,5.5,-106,0.53281386,0.018250753203883474,09/26,10:30 PM
4,App State Mountaineers@NC State Wolfpack,App State Mountaineers,http://a.espncdn.com/i/teamlogos/ncaa/500/2026.png,2026-09-27T00:39:29Z,2026-09-26T23:33:00Z,19,21.5,-111,0.55729776,0.03123140928909951,DraftKings,21.5,-111,0.55729776,0.03123140928909951,09/26,7:33 PM
4,App State Mountaineers@NC State Wolfpack,NC State Wolfpack,http://a.espncdn.com/i/teamlogos/ncaa/500/152.png,2026-09-27T00:39:29Z,2026-09-26T23:33:00Z,-19,-21.5,-110,0.44362393,-0.08018559380952384,BetMGM,-18.5,-115,0.49456631,-0.0403174109302325,09/26,7:33 PM
4,Arizona Wildcats@Washington State Cougars,Arizona Wildcats,http://a.espncdn.com/i/teamlogos/ncaa/500/12.png,2026-09-27T00:39:29Z,2026-09-26T23:42:00Z,-0,-2.5,-130,0.45459723,-0.11062016130434776,DraftKings,-3.5,102,0.41659592,-0.07845358495049504,09/26,7:42 PM
4,Arizona Wildcats@Washington State Cougars,Washington State Cougars,http://a.espncdn.com/i/teamlogos/ncaa/500/265.png,2026-09-27T00:39:29Z,2026-09-26T23:42:00Z,0,2.5,105,0.54190379,0.05409891195121952,BetMGM,2.5,105,0.54190379,0.05409891195121952,09/26,7:42 PM
4,Central Michigan Chippewas@Miami Hurricanes,Central Michigan Chippewas,http://a.espncdn.com/i/teamlogos/ncaa/500/2117.png,2026-09-27T00:39:47Z,2026-09-26T22:40:49Z,39,44,-111,0.5986555,0.07258914928909954,BetMGM,45.5,120,0.61798098,0.16343552545454548,09/26,6:40 PM
4,Central Michigan Chippewas@Miami Hurricanes,Miami Hurricanes,http://a.espncdn.com/i/teamlogos/ncaa/500/2390.png,2026-09-27T00:39:47Z,2026-09-26T22:40:49Z,-39,-44,-105,0.41071724,-0.10147788195121954,Fanatics,-43.5,-105,0.41071724,-0.10147788195121954,09/26,6:40 PM
4,Delaware Blue Hens@Virginia Cavaliers,Delaware Blue Hens,http://a.espncdn.com/i/teamlogos/ncaa/500/48.png,2026-09-27T00:39:29Z,2026-09-26T22:00:00Z,32,38.5,168,0.61554305,0.242408721641791,FanDuel,38.5,168,0.61554305,0.242408721641791,09/26,6:00 PM
4,Delaware Blue Hens@Virginia Cavaliers,Virginia Cavaliers,http://a.espncdn.com/i/teamlogos/ncaa/500/258.png,2026-09-27T00:39:29Z,2026-09-26T22:00:00Z,-32,-38.5,-140,0.37686083,-0.2064725033333334,BetMGM,-38.5,-140,0.37686083,-0.2064725033333334,09/26,6:00 PM
4,Florida Atlantic Owls@UL Monroe Warhawks,Florida Atlantic Owls,http://a.espncdn.com/i/teamlogos/ncaa/500/2226.png,2026-09-27T00:39:29Z,2026-09-27T00:05:00Z,-10,-10.5,-105,0.46785756,-0.04433756195121952,BetMGM,-10.5,-105,0.46785756,-0.04433756195121952,09/26,8:05 PM
4,Florida Atlantic Owls@UL Monroe Warhawks,UL Monroe Warhawks,http://a.espncdn.com/i/teamlogos/ncaa/500/2433.png,2026-09-27T00:39:29Z,2026-09-27T00:05:00Z,10,10.5,-112,0.53828742,0.009985533207547137,BetMGM,10.5,-112,0.53828742,0.009985533207547137,09/26,8:05 PM
4,Georgia Tech Yellow Jackets@Stanford Cardinal,Georgia Tech Yellow Jackets,http://a.espncdn.com/i/teamlogos/ncaa/500/59.png,2026-09-27T00:39:44Z,2026-09-27T02:30:00Z,-1.5,-3,-108,0.44589152,-0.07333924923076929,FanDuel,-2.5,-124,0.48424003,-0.06933139857142862,09/26,10:30 PM
4,Georgia Tech Yellow Jackets@Stanford Cardinal,Stanford Cardinal,http://a.espncdn.com/i/teamlogos/ncaa/500/24.png,2026-09-27T00:39:44Z,2026-09-27T02:30:00Z,1.5,3,-110,0.51226222,-0.011547303809523846,FanDuel,2.5,102,0.51226222,0.017212715049504945,09/26,10:30 PM
4,James Madison Dukes@Old Dominion Monarchs,James Madison Dukes,http://a.espncdn.com/i/teamlogos/ncaa/500/256.png,2026-09-27T00:39:29Z,2026-09-26T22:00:00Z,-16.5,-18.5,-112,0.44690103,-0.08140085679245285,FanDuel,-17.5,-114,0.46622688,-0.06648340037383171,09/26,6:00 PM
4,James Madison Dukes@Old Dominion Monarchs,Old Dominion Monarchs,http://a.espncdn.com/i/teamlogos/ncaa/500/295.png,2026-09-27T00:39:29Z,2026-09-26T22:00:00Z,16.5,18.5,-115,0.55399597,0.019112249069767495,BetMGM,18.5,-115,0.55399597,0.019112249069767495,09/26,6:00 PM
4,Kansas State Wildcats@Cincinnati Bearcats,Cincinnati Bearcats,http://a.espncdn.com/i/teamlogos/ncaa/500/2132.png,2026-09-27T00:39:29Z,2026-09-26T23:00:00Z,5.5,6.5,-102,0.52996228,0.025011784950495053,DraftKings,8.5,-117,0.58281698,0.04364647308755765,09/26,7:00 PM
4,Kansas State Wildcats@Cincinnati Bearcats,Kansas State Wildcats,http://a.espncdn.com/i/teamlogos/ncaa/500/2306.png,2026-09-27T00:39:29Z,2026-09-26T23:00:00Z,-5.5,-6.5,-130,0.46759352,-0.0976238713043478,BetMGM,-5.5,-108,0.48382769,-0.035403079230769297,09/26,7:00 PM
4,Kennesaw State Owls@Arkansas State Red Wolves,Arkansas State Red Wolves,http://a.espncdn.com/i/teamlogos/ncaa/500/2032.png,2026-09-27T00:39:29Z,2026-09-26T23:00:00Z,-7,-3.5,-112,0.54023528,0.01193339320754716,FanDuel,-4.5,104,0.52447475,0.03427867156862746,09/26,7:00 PM
4,Kennesaw State Owls@Arkansas State Red Wolves,Kennesaw State Owls,http://a.espncdn.com/i/teamlogos/ncaa/500/338.png,2026-09-27T00:39:29Z,2026-09-26T23:00:00Z,7,3.5,-109,0.45799218,-0.06353892047846882,DraftKings,3.5,-109,0.45799218,-0.06353892047846882,09/26,7:00 PM
4,Louisiana Ragin Cajuns@Charlotte 49ers,Charlotte 49ers,http://a.espncdn.com/i/teamlogos/ncaa/500/2429.png,2026-09-27T00:39:29Z,2026-09-26T22:34:00Z,10.5,13.5,-120,0.57186753,0.0264129845454546,BetMGM,14.5,-118,0.5942014,0.052916996330275246,09/26,6:34 PM
4,Louisiana Ragin Cajuns@Charlotte 49ers,Louisiana Ragin Cajuns,http://a.espncdn.com/i/teamlogos/ncaa/500/309.png,2026-09-27T00:39:29Z,2026-09-26T22:34:00Z,-10.5,-13.5,-102,0.43134581,-0.07360468504950496,DraftKings,-13.5,-102,0.43134581,-0.07360468504950496,09/26,6:34 PM
4,Middle Tennessee Blue Raiders@Jacksonville State Gamecocks,Jacksonville State Gamecocks,http://a.espncdn.com/i/teamlogos/ncaa/500/55.png,2026-09-27T00:39:29Z,2026-09-26T23:00:00Z,-8,-5.5,-113,0.52696488,-0.0035515519248826566,BetMGM,-4.5,-110,0.54166482,0.01785529619047621,09/26,7:00 PM
4,Middle Tennessee Blue Raiders@Jacksonville State Gamecocks,Middle Tennessee Blue Raiders,http://a.espncdn.com/i/teamlogos/ncaa/500/2393.png,2026-09-27T00:39:29Z,2026-09-26T23:00:00Z,8,5.5,-104,0.47056389,-0.03924003156862743,FanDuel,5.5,-104,0.47056389,-0.03924003156862743,09/26,7:00 PM
4,Minnesota Golden Gophers@Washington Huskies,Minnesota Golden Gophers,http://a.espncdn.com/i/teamlogos/ncaa/500/135.png,2026-09-27T00:39:44Z,2026-09-27T03:00:00Z,12.5,12,-112,0.49714985,-0.03115203679245282,DraftKings,12.5,-112,0.51385078,-0.014451106792452872,09/26,11:00 PM
4,Minnesota Golden Gophers@Washington Huskies,Washington Huskies,http://a.espncdn.com/i/teamlogos/ncaa/500/264.png,2026-09-27T00:39:44Z,2026-09-27T03:00:00Z,-12.5,-12,-118,0.48108206,-0.06020234366972477,FanDuel,-11.5,-110,0.49890977,-0.02489975380952386,09/26,11:00 PM
4,Missouri State Bears@SMU Mustangs,Missouri State Bears,http://a.espncdn.com/i/teamlogos/ncaa/500/2623.png,2026-09-27T00:39:47Z,2026-09-27T01:00:00Z,31,30.5,-105,0.49281433,-0.0193807919512195,BetRivers,31.5,-112,0.51185839,-0.016443496792452827,09/26,9:00 PM
4,Missouri State Bears@SMU Mustangs,SMU Mustangs,http://a.espncdn.com/i/teamlogos/ncaa/500/2567.png,2026-09-27T00:39:47Z,2026-09-27T01:00:00Z,-31,-30.5,-110,0.49963499,-0.024174533809523835,BetMGM,-30.5,-110,0.49963499,-0.024174533809523835,09/26,9:00 PM
4,Missouri Tigers@Mississippi State Bulldogs,Mississippi State Bulldogs,http://a.espncdn.com/i/teamlogos/ncaa/500/344.png,2026-09-27T00:39:47Z,2026-09-26T23:55:43Z,-11,-14,-108,0.42021075,-0.09902001923076925,FanDuel,-14.5,-108,0.42021075,-0.09902001923076925,09/26,7:55 PM
4,Missouri Tigers@Mississippi State Bulldogs,Missouri Tigers,http://a.espncdn.com/i/teamlogos/ncaa/500/142.png,2026-09-27T00:39:47Z,2026-09-26T23:55:43Z,11,14,-120,0.58559044,0.04013589454545463,BetMGM,14.5,-120,0.58559044,0.04013589454545463,09/26,7:55 PM
4,Nebraska Cornhuskers@Michigan State Spartans,Michigan State Spartans,http://a.espncdn.com/i/teamlogos/ncaa/500/127.png,2026-09-27T00:31:06Z,2026-09-26T21:06:40Z,17,19,2700,0.52610932,0.4903950342857143,DraftKings,17.5,2700,0.52610932,0.4903950342857143,09/26,5:06 PM
4,Nebraska Cornhuskers@Michigan State Spartans,Nebraska Cornhuskers,http://a.espncdn.com/i/teamlogos/ncaa/500/158.png,2026-09-27T00:31:06Z,2026-09-26T21:06:40Z,-17,-19,-138,0.4277358,-0.1520961327731093,FanDuel,-20.5,-138,0.4277358,-0.1520961327731093,09/26,5:06 PM
4,Oklahoma State Cowboys@West Virginia Mountaineers,Oklahoma State Cowboys,http://a.espncdn.com/i/teamlogos/ncaa/500/197.png,2026-09-27T00:39:29Z,2026-09-26T23:05:29Z,2,-1.5,100,0.43984334,-0.06015665999999997,BetMGM,-1.5,100,0.43984334,-0.06015665999999997,09/26,7:05 PM
4,Oklahoma State Cowboys@West Virginia Mountaineers,West Virginia Mountaineers,http://a.espncdn.com/i/teamlogos/ncaa/500/277.png,2026-09-27T00:39:29Z,2026-09-26T23:05:29Z,-2,1.5,-130,0.55728767,-0.00792972130434777,DraftKings,-1.5,-105,0.50818082,-0.0040143019512195455,09/26,7:05 PM
4,Oregon Ducks@USC Trojans,Oregon Ducks,http://a.espncdn.com/i/teamlogos/ncaa/500/2483.png,2026-09-27T00:39:47Z,2026-09-26T23:35:25Z,-1.5,-3,-108,0.47832905,-0.040901719230769296,BetMGM,-2.5,-108,0.47832905,-0.040901719230769296,09/26,7:35 PM
4,Oregon Ducks@USC Trojans,USC Trojans,http://a.espncdn.com/i/teamlogos/ncaa/500/30.png,2026-09-27T00:39:47Z,2026-09-26T23:35:25Z,1.5,3,-109,0.50992485,-0.01160625047846886,DraftKings,2.5,-109,0.50992485,-0.01160625047846886,09/26,7:35 PM
4,Oregon State Beavers@UTEP Miners,Oregon State Beavers,http://a.espncdn.com/i/teamlogos/ncaa/500/204.png,2026-09-27T00:39:44Z,2026-09-27T01:00:00Z,-9.5,-11,-110,0.44414064,-0.07966888380952386,DraftKings,-11.5,-105,0.44414064,-0.06805448195121955,09/26,9:00 PM
4,Oregon State Beavers@UTEP Miners,UTEP Miners,http://a.espncdn.com/i/teamlogos/ncaa/500/2638.png,2026-09-27T00:39:44Z,2026-09-27T01:00:00Z,9.5,11,-108,0.54700188,0.027771110769230778,FanDuel,10.5,-102,0.54700188,0.042051384950495097,09/26,9:00 PM
4,Rice Owls@Fresno State Bulldogs,Fresno State Bulldogs,http://a.espncdn.com/i/teamlogos/ncaa/500/278.png,2026-09-27T00:39:44Z,2026-09-27T02:00:00Z,-16.5,-12,-112,0.56217151,0.03386962320754716,FanDuel,-13.5,100,0.54432702,0.044327019999999995,09/26,10:00 PM
4,Rice Owls@Fresno State Bulldogs,Rice Owls,http://a.espncdn.com/i/teamlogos/ncaa/500/242.png,2026-09-27T00:39:44Z,2026-09-27T02:00:00Z,16.5,12,-110,0.41647464,-0.10733488380952383,DraftKings,12.5,-108,0.43281229,-0.08641847923076929,09/26,10:00 PM
4,South Carolina Gamecocks@Alabama Crimson Tide,Alabama Crimson Tide,http://a.espncdn.com/i/teamlogos/ncaa/500/333.png,2026-09-27T00:39:47Z,2026-09-26T23:11:02Z,-26.5,-32,-102,0.38433657,-0.12061392504950497,DraftKings,-32.5,-102,0.38433657,-0.12061392504950497,09/26,7:11 PM
4,South Carolina Gamecocks@Alabama Crimson Tide,South Carolina Gamecocks,http://a.espncdn.com/i/teamlogos/ncaa/500/2579.png,2026-09-27T00:39:47Z,2026-09-26T23:11:02Z,26.5,32,100,0.59189038,0.09189038000000005,FanDuel,31.5,100,0.59189038,0.09189038000000005,09/26,7:11 PM
4,Southern Mississippi Golden Eagles@Tulane Green Wave,Southern Mississippi Golden Eagles,http://a.espncdn.com/i/teamlogos/ncaa/500/2572.png,2026-09-27T00:39:29Z,2026-09-26T23:06:00Z,14,7.5,-119,0.42029504,-0.12308395543378997,BetMGM,8.5,-118,0.43537888,-0.10590552366972472,09/26,7:06 PM
4,Southern Mississippi Golden Eagles@Tulane Green Wave,Tulane Green Wave,http://a.espncdn.com/i/teamlogos/ncaa/500/2655.png,2026-09-27T00:39:29Z,2026-09-26T23:06:00Z,-14,-7.5,100,0.58545987,0.08545987,FanDuel,-7.5,100,0.58545987,0.08545987,09/26,7:06 PM
4,Texas A&M Aggies@LSU Tigers,LSU Tigers,http://a.espncdn.com/i/teamlogos/ncaa/500/99.png,2026-09-27T00:39:47Z,2026-09-26T23:45:12Z,-9,-8,-110,0.49904778,-0.02476174380952384,Fanatics,-7.5,-110,0.49904778,-0.02476174380952384,09/26,7:45 PM
4,Texas A&M Aggies@LSU Tigers,Texas A&M Aggies,http://a.espncdn.com/i/teamlogos/ncaa/500/245.png,2026-09-27T00:39:47Z,2026-09-26T23:45:12Z,9,8,-109,0.50696508,-0.014566020478468888,DraftKings,7.5,-109,0.50696508,-0.014566020478468888,09/26,7:45 PM
4,Troy Trojans@Utah State Aggies,Troy Trojans,http://a.espncdn.com/i/teamlogos/ncaa/500/2653.png,2026-09-27T00:39:29Z,2026-09-26T23:33:00Z,5,-1.5,-105,0.38960827,-0.12258685195121954,BetMGM,-1.5,-105,0.38960827,-0.12258685195121954,09/26,7:33 PM
4,Troy Trojans@Utah State Aggies,Utah State Aggies,http://a.espncdn.com/i/teamlogos/ncaa/500/328.png,2026-09-27T00:39:29Z,2026-09-26T23:33:00Z,-5,1.5,-112,0.60753668,0.07923479320754723,DraftKings,2.5,-118,0.62170835,0.08042394633027528,09/26,7:33 PM
4,Tulsa Golden Hurricane@Arkansas Razorbacks,Arkansas Razorbacks,http://a.espncdn.com/i/teamlogos/ncaa/500/8.png,2026-09-27T00:39:29Z,2026-09-27T00:00:00Z,-11.5,-14.5,-114,0.42884746,-0.10386282037383171,DraftKings,-13.5,-113,0.4487101,-0.08180633192488262,09/26,8:00 PM
4,Tulsa Golden Hurricane@Arkansas Razorbacks,Tulsa Golden Hurricane,http://a.espncdn.com/i/teamlogos/ncaa/500/202.png,2026-09-27T00:39:29Z,2026-09-27T00:00:00Z,11.5,14.5,-114,0.57693281,0.04422252962616824,BetMGM,15.5,-118,0.59056774,0.04928333633027526,09/26,8:00 PM
4,UMass Minutemen@Sacramento State,Sacramento State,https://a.espncdn.com/combiner/i?img=/i/teamlogos/ncaa/500/16.png&h=200&w=200,2026-09-27T00:39:44Z,2026-09-27T01:00:00Z,5,5.5,-108,0.52287918,0.0036484107692307255,DraftKings,5.5,-108,0.52287918,0.0036484107692307255,09/26,9:00 PM
4,UMass Minutemen@Sacramento State,UMass Minutemen,http://a.espncdn.com/i/teamlogos/ncaa/500/113.png,2026-09-27T00:39:44Z,2026-09-27T01:00:00Z,-5,-5.5,-112,0.47927972,-0.049022166792452804,DraftKings,-5.5,-112,0.47927972,-0.049022166792452804,09/26,9:00 PM
