week,game,last_update_api,commence_time,game_date_et,game_time_et,logo,model_prediction,market_line,market_price,over_probability,under_probability,over_edge,under_edge,drive_bin,best_book,best_line,best_price,best_over_probability,best_under_probability,best_over_edge,best_under_edge
4,Wisconsin Badgers@Penn State Nittany Lions,2026-09-26T23:59:33Z,2026-09-26T21:06:09Z,09/26,5:06 PM,http://a.espncdn.com/i/teamlogos/ncaa/500/213.png,39.5,33.5,190,0.64441825,0.35558175,0.2995906637931034,0.0107541637931034,2,BetMGM,33.5,190,0.64441825,0.35558175,0.2995906637931034,0.0107541637931034
4,Nebraska Cornhuskers@Michigan State Spartans,2026-09-26T23:59:14Z,2026-09-26T21:06:40Z,09/26,5:06 PM,http://a.espncdn.com/i/teamlogos/ncaa/500/127.png,53,50.5,-108,0.54829761,0.45170239,0.029066840769230717,-0.06752837923076926,2,DraftKings,50.5,-108,0.54829761,0.45170239,0.029066840769230717,-0.06752837923076926
4,James Madison Dukes@Old Dominion Monarchs,2026-09-26T23:59:14Z,2026-09-26T22:00:00Z,09/26,6:00 PM,http://a.espncdn.com/i/teamlogos/ncaa/500/295.png,63,67.5,-118,0.39026482,0.60973518,-0.15101958366972473,0.0684507763302753,2,DraftKings,67.5,-118,0.39026482,0.60973518,-0.15101958366972473,0.0684507763302753
4,Delaware Blue Hens@Virginia Cavaliers,2026-09-26T23:59:14Z,2026-09-26T22:00:00Z,09/26,6:00 PM,http://a.espncdn.com/i/teamlogos/ncaa/500/258.png,53,53.5,-102,0.49180033,0.50819967,-0.013150165049504947,0.0032491749504950374,4,BetMGM,52.5,-108,0.51643729,0.48356271,-0.0027934792307692247,-0.03566805923076927
4,Louisiana Ragin Cajuns@Charlotte 49ers,2026-09-26T23:59:14Z,2026-09-26T22:34:00Z,09/26,6:34 PM,http://a.espncdn.com/i/teamlogos/ncaa/500/2429.png,43,41.5,-114,0.5231116,0.4768884,-0.009598680373831714,-0.055821880373831734,1,DraftKings,40.5,-131,0.5607242,0.4392758,-0.0063753670995670975,-0.1278237670995671
4,Central Michigan Chippewas@Miami Hurricanes,2026-09-26T23:59:33Z,2026-09-26T22:40:49Z,09/26,6:40 PM,http://a.espncdn.com/i/teamlogos/ncaa/500/2390.png,54,55.5,135,0.45984203,0.54015797,0.03431011510638299,0.11462605510638296,4,Fanatics,55.5,135,0.45984203,0.54015797,0.03431011510638299,0.11462605510638296
4,Oklahoma State Cowboys@West Virginia Mountaineers,2026-09-26T23:59:14Z,2026-09-26T23:05:29Z,09/26,7:05 PM,http://a.espncdn.com/i/teamlogos/ncaa/500/277.png,56.5,58.5,-105,0.44782867,0.55217133,-0.06436645195121954,0.03997620804878044,1,BetMGM,58.5,-105,0.44782867,0.55217133,-0.06436645195121954,0.03997620804878044
4,Kansas State Wildcats@Cincinnati Bearcats,2026-09-26T23:59:14Z,2026-09-26T23:00:00Z,09/26,7:00 PM,http://a.espncdn.com/i/teamlogos/ncaa/500/2132.png,45,40.5,-118,0.59956026,0.40043974,0.05827585633027521,-0.14084466366972476,2,FanDuel,41.5,100,0.57004656,0.42995344,0.07004655999999998,-0.07004655999999998
4,South Carolina Gamecocks@Alabama Crimson Tide,2026-09-26T23:59:33Z,2026-09-26T23:11:02Z,09/26,7:11 PM,http://a.espncdn.com/i/teamlogos/ncaa/500/333.png,54,54.5,-115,0.48414415,0.51585585,-0.050739570930232514,-0.019027870930232504,3,BetMGM,54.5,-115,0.48414415,0.51585585,-0.050739570930232514,-0.019027870930232504
4,Middle Tennessee Blue Raiders@Jacksonville State Gamecocks,2026-09-26T23:59:14Z,2026-09-26T23:00:00Z,09/26,7:00 PM,http://a.espncdn.com/i/teamlogos/ncaa/500/55.png,43.5,41.5,-105,0.5375325,0.4624675,0.025337378048780446,-0.04972762195121955,2,FanDuel,40.5,-114,0.56752185,0.43247815,0.03481156962616827,-0.10023213037383172
4,Southern Mississippi Golden Eagles@Tulane Green Wave,2026-09-26T23:59:14Z,2026-09-26T23:06:00Z,09/26,7:06 PM,http://a.espncdn.com/i/teamlogos/ncaa/500/2655.png,51.5,51.5,-125,0.48381665,0.51618335,-0.07173890555555557,-0.03937220555555554,2,DraftKings,50.5,-116,0.5147354,0.4852646,-0.022301637037037136,-0.0517724370370371
4,Kennesaw State Owls@Arkansas State Red Wolves,2026-09-26T23:59:14Z,2026-09-26T23:00:00Z,09/26,7:00 PM,http://a.espncdn.com/i/teamlogos/ncaa/500/2032.png,41,37.5,-114,0.58363331,0.41636669,0.05092302962616824,-0.11634359037383174,2,DraftKings,37.5,-114,0.58363331,0.41636669,0.05092302962616824,-0.11634359037383174
4,Oregon Ducks@USC Trojans,2026-09-26T23:59:33Z,2026-09-26T23:35:25Z,09/26,7:35 PM,http://a.espncdn.com/i/teamlogos/ncaa/500/30.png,55.5,52.5,100,0.55103145,0.44896855,0.05103144999999998,-0.05103144999999998,1,FanDuel,52.5,100,0.55103145,0.44896855,0.05103144999999998,-0.05103144999999998
4,Arizona Wildcats@Washington State Cougars,2026-09-26T23:59:14Z,2026-09-26T23:42:00Z,09/26,7:42 PM,http://a.espncdn.com/i/teamlogos/ncaa/500/265.png,49.5,51.5,-105,0.43614537,0.56385463,-0.07604975195121955,0.0516595080487805,1,DraftKings,50.5,-113,0.46652853,0.53347147,-0.06398790192488263,0.002955038075117322
4,Troy Trojans@Utah State Aggies,2026-09-26T23:59:14Z,2026-09-26T23:33:00Z,09/26,7:33 PM,http://a.espncdn.com/i/teamlogos/ncaa/500/328.png,51,54.5,-111,0.41225285,0.58774715,-0.11381350071090046,0.06168079928909953,1,DraftKings,54.5,-111,0.41225285,0.58774715,-0.11381350071090046,0.06168079928909953
4,App State Mountaineers@NC State Wolfpack,2026-09-26T23:59:14Z,2026-09-26T23:33:00Z,09/26,7:33 PM,http://a.espncdn.com/i/teamlogos/ncaa/500/152.png,55,55.5,-115,0.47143399,0.52856601,-0.06344973093023248,-0.0063177109302324785,3,FanDuel,56.5,-106,0.45176364,0.54823636,-0.06279946679611648,0.03367325320388348
4,Texas A&M Aggies@LSU Tigers,2026-09-26T23:59:33Z,2026-09-26T23:45:12Z,09/26,7:45 PM,http://a.espncdn.com/i/teamlogos/ncaa/500/99.png,54,54.5,-110,0.47897789,0.52102211,-0.04483163380952382,-0.002787413809523853,2,FanDuel,54.5,-110,0.47897789,0.52102211,-0.04483163380952382,-0.002787413809523853
4,Missouri Tigers@Mississippi State Bulldogs,2026-09-26T23:59:14Z,2026-09-26T23:55:43Z,09/26,7:55 PM,http://a.espncdn.com/i/teamlogos/ncaa/500/344.png,58.5,57.5,-105,0.51484812,0.48515188,0.002652998048780497,-0.027043241951219543,1,FanDuel,56.5,-108,0.53442784,0.46557216,0.015197070769230714,-0.05365860923076926
4,Florida Atlantic Owls@UL Monroe Warhawks,2026-09-26T23:59:14Z,2026-09-27T00:00:00Z,09/26,8:00 PM,http://a.espncdn.com/i/teamlogos/ncaa/500/2433.png,57.5,58.5,-105,0.46162257,0.53837743,-0.05057255195121951,0.026182308048780523,2,BetMGM,58.5,-105,0.46162257,0.53837743,-0.05057255195121951,0.026182308048780523
4,Tulsa Golden Hurricane@Arkansas Razorbacks,2026-09-26T23:59:14Z,2026-09-27T00:00:00Z,09/26,8:00 PM,http://a.espncdn.com/i/teamlogos/ncaa/500/8.png,50.5,50.5,-112,0.48862452,0.51137548,-0.03967736679245282,-0.01692640679245283,1,BetRivers,50.5,-112,0.48862452,0.51137548,-0.03967736679245282,-0.01692640679245283
4,Oregon State Beavers@UTEP Miners,2026-09-26T23:59:31Z,2026-09-27T01:00:00Z,09/26,9:00 PM,http://a.espncdn.com/i/teamlogos/ncaa/500/2638.png,54.5,56,-110,0.43769772,0.54304784,-0.08611180380952382,0.019238316190476112,2,DraftKings,56.5,-105,0.43769772,0.56230228,-0.07449740195121951,0.05010715804878052
4,UMass Minutemen@Sacramento State,2026-09-26T23:59:31Z,2026-09-27T01:00:00Z,09/26,9:00 PM,https://a.espncdn.com/combiner/i?img=/i/teamlogos/ncaa/500/16.png&h=200&w=200,46.5,48.5,-112,0.43956397,0.56043603,-0.0887379167924528,0.03213414320754715,1,BetRivers,48.5,-112,0.43956397,0.56043603,-0.0887379167924528,0.03213414320754715
4,Missouri State Bears@SMU Mustangs,2026-09-26T23:59:33Z,2026-09-27T01:00:00Z,09/26,9:00 PM,http://a.espncdn.com/i/teamlogos/ncaa/500/2567.png,61,60.5,-108,0.51316474,0.48683526,-0.006066029230769265,-0.03239550923076928,4,BetRivers,59.5,-113,0.5370551,0.4629449,0.006538668075117382,-0.06757153192488263
4,Rice Owls@Fresno State Bulldogs,2026-09-26T23:59:31Z,2026-09-27T02:00:00Z,09/26,10:00 PM,http://a.espncdn.com/i/teamlogos/ncaa/500/278.png,44,43.5,-110,0.50648727,0.49351273,-0.01732225380952379,-0.030296793809523825,2,BetMGM,43.5,-110,0.50648727,0.49351273,-0.01732225380952379,-0.030296793809523825
4,Georgia Tech Yellow Jackets@Stanford Cardinal,2026-09-26T23:59:31Z,2026-09-27T02:30:00Z,09/26,10:30 PM,http://a.espncdn.com/i/teamlogos/ncaa/500/24.png,50.5,48.5,-112,0.52734418,0.47265582,-9.577067924527727e-4,-0.05564606679245282,1,BetRivers,48.5,-112,0.52734418,0.47265582,-9.577067924527727e-4,-0.05564606679245282
4,Air Force Falcons@Nevada Wolf Pack,2026-09-26T23:59:31Z,2026-09-27T02:30:00Z,09/26,10:30 PM,http://a.espncdn.com/i/teamlogos/ncaa/500/2440.png,51.5,50.5,-108,0.51079731,0.48920269,-0.008433459230769325,-0.030028079230769278,1,BetRivers,50.5,-108,0.51079731,0.48920269,-0.008433459230769325,-0.030028079230769278
4,Minnesota Golden Gophers@Washington Huskies,2026-09-26T23:59:31Z,2026-09-27T03:00:00Z,09/26,11:00 PM,http://a.espncdn.com/i/teamlogos/ncaa/500/264.png,47,46,-110,0.50102142,0.48008873,-0.022788103809523785,-0.04372079380952382,2,DraftKings,46.5,-105,0.50102142,0.49897858,-0.011173701951219472,-0.013216541951219518
