week,game,team,opening_date,current_date,days_elapsed,opening_line,current_line,line_movement,abs_movement,movement_direction
1,Fresno State Bulldogs@USC Trojans,USC Trojans,2026-09-02,2026-09-05,3,-21.5,-37.5,-16,16,Moved Down
1,Fresno State Bulldogs@USC Trojans,Fresno State Bulldogs,2026-09-02,2026-09-05,3,21.5,37.5,16,16,Moved Up
1,Miami Hurricanes@Stanford Cardinal,Miami Hurricanes,2026-09-02,2026-09-05,3,-24.5,-37.5,-13,13,Moved Down
1,Miami Hurricanes@Stanford Cardinal,Stanford Cardinal,2026-09-02,2026-09-05,3,24.5,36.5,12,12,Moved Up
1,UAB Blazers@Illinois Fighting Illini,Illinois Fighting Illini,2026-09-02,2026-09-04,2,-27.5,-18.5,9,9,Moved Up
1,UAB Blazers@Illinois Fighting Illini,UAB Blazers,2026-09-02,2026-09-04,2,27.5,18.5,-9,9,Moved Down
1,Western Kentucky Hilltoppers@Nevada Wolf Pack,Nevada Wolf Pack,2026-09-02,2026-09-05,3,2.5,1,-1.5,1.5,Moved Down
1,Western Kentucky Hilltoppers@Nevada Wolf Pack,Western Kentucky Hilltoppers,2026-09-02,2026-09-05,3,-2.5,-1.5,1,1,Moved Up
1,Ball State Cardinals@Ohio State Buckeyes,Ohio State Buckeyes,2026-09-02,2026-09-05,3,-50.5,-49.5,1,1,Moved Up
1,UCLA Bruins@California Golden Bears,UCLA Bruins,2026-09-02,2026-09-05,3,-1.5,-2.5,-1,1,Moved Down
1,Akron Zips@Wake Forest Demon Deacons,Wake Forest Demon Deacons,2026-09-02,2026-09-03,1,-23.5,-24.5,-1,1,Moved Down
1,Coastal Carolina Chanticleers@West Virginia Mountaineers,West Virginia Mountaineers,2026-09-02,2026-09-05,3,-20.5,-21.5,-1,1,Moved Down
1,Kent State Golden Flashes@South Carolina Gamecocks,South Carolina Gamecocks,2026-09-02,2026-09-05,3,-36.5,-35.5,1,1,Moved Up
1,Kent State Golden Flashes@South Carolina Gamecocks,Kent State Golden Flashes,2026-09-02,2026-09-05,3,35.5,36.5,1,1,Moved Up
1,Sam Houston State Bearkats@Troy Trojans,Troy Trojans,2026-09-02,2026-09-05,3,-17,-16.5,0.5,0.5,Moved Up
1,Central Michigan Chippewas@New Mexico Lobos,New Mexico Lobos,2026-09-02,2026-09-05,3,-10,-10.5,-0.5,0.5,Moved Down
1,Central Michigan Chippewas@New Mexico Lobos,Central Michigan Chippewas,2026-09-02,2026-09-05,3,10,10.5,0.5,0.5,Moved Up
1,Florida International Panthers@South Florida Bulls,South Florida Bulls,2026-09-02,2026-09-05,3,-14,-14.5,-0.5,0.5,Moved Down
1,Florida International Panthers@South Florida Bulls,Florida International Panthers,2026-09-02,2026-09-05,3,14,14.5,0.5,0.5,Moved Up
1,Marshall Thundering Herd@Penn State Nittany Lions,Marshall Thundering Herd,2026-09-02,2026-09-05,3,24,23.5,-0.5,0.5,Moved Down
1,Toledo Rockets@Michigan State Spartans,Michigan State Spartans,2026-09-02,2026-09-04,2,-9.5,-10,-0.5,0.5,Moved Down
1,Toledo Rockets@Michigan State Spartans,Toledo Rockets,2026-09-02,2026-09-04,2,9.5,10,0.5,0.5,Moved Up
1,Coastal Carolina Chanticleers@West Virginia Mountaineers,Coastal Carolina Chanticleers,2026-09-02,2026-09-05,3,21,21.5,0.5,0.5,Moved Up
1,Oregon State Beavers@Houston Cougars,Houston Cougars,2026-09-02,2026-09-05,3,-20.5,-21,-0.5,0.5,Moved Down
1,Oregon State Beavers@Houston Cougars,Oregon State Beavers,2026-09-02,2026-09-05,3,20.5,21,0.5,0.5,Moved Up
1,Missouri State Bears@Texas A&M Aggies,Texas A&M Aggies,2026-09-02,2026-09-05,3,-40,-40.5,-0.5,0.5,Moved Down
1,Missouri State Bears@Texas A&M Aggies,Missouri State Bears,2026-09-02,2026-09-05,3,41,40.5,-0.5,0.5,Moved Down
1,Louisville Cardinals@Ole Miss Rebels,Ole Miss Rebels,2026-09-02,2026-09-06,4,-6.5,-7,-0.5,0.5,Moved Down
1,Louisville Cardinals@Ole Miss Rebels,Louisville Cardinals,2026-09-02,2026-09-06,4,7,6.5,-0.5,0.5,Moved Down
1,East Carolina Pirates@Alabama Crimson Tide,Alabama Crimson Tide,2026-09-02,2026-09-05,3,-28,-27.5,0.5,0.5,Moved Up
1,Sam Houston State Bearkats@Troy Trojans,Sam Houston State Bearkats,2026-09-02,2026-09-05,3,16.5,16.5,0,0,No Change
1,Liberty Flames@James Madison Dukes,James Madison Dukes,2026-09-02,2026-09-05,3,-6.5,-6.5,0,0,No Change
1,Liberty Flames@James Madison Dukes,Liberty Flames,2026-09-02,2026-09-05,3,6.5,6.5,0,0,No Change
1,UNLV Rebels@Hawaii Rainbow Warriors,Hawaii Rainbow Warriors,2026-09-02,2026-09-05,3,3,3,0,0,No Change
1,UNLV Rebels@Hawaii Rainbow Warriors,UNLV Rebels,2026-09-02,2026-09-05,3,-3,-3,0,0,No Change
1,San Jose State Spartans@Eastern Michigan Eagles,Eastern Michigan Eagles,2026-09-02,2026-09-04,2,-3,-3,0,0,No Change
1,San Jose State Spartans@Eastern Michigan Eagles,San Jose State Spartans,2026-09-02,2026-09-04,2,3,3,0,0,No Change
1,Arkansas State Red Wolves@Memphis Tigers,Memphis Tigers,2026-09-02,2026-09-05,3,-11.5,-11.5,0,0,No Change
1,Arkansas State Red Wolves@Memphis Tigers,Arkansas State Red Wolves,2026-09-02,2026-09-05,3,10.5,10.5,0,0,No Change
1,Wyoming Cowboys@Colorado State Rams,Colorado State Rams,2026-09-02,2026-09-05,3,-3,-3,0,0,No Change
1,Wyoming Cowboys@Colorado State Rams,Wyoming Cowboys,2026-09-02,2026-09-05,3,3,3,0,0,No Change
1,Wisconsin Badgers@Notre Dame Fighting Irish,Wisconsin Badgers,2026-09-02,2026-09-06,4,20.5,20.5,0,0,No Change
1,Wisconsin Badgers@Notre Dame Fighting Irish,Notre Dame Fighting Irish,2026-09-02,2026-09-06,4,-20.5,-20.5,0,0,No Change
1,Washington State Cougars@Washington Huskies,Washington Huskies,2026-09-02,2026-09-06,4,-23.5,-23.5,0,0,No Change
1,Washington State Cougars@Washington Huskies,Washington State Cougars,2026-09-02,2026-09-06,4,23.5,23.5,0,0,No Change
1,Marshall Thundering Herd@Penn State Nittany Lions,Penn State Nittany Lions,2026-09-02,2026-09-05,3,-23.5,-23.5,0,0,No Change
1,Boise State Broncos@Oregon Ducks,Oregon Ducks,2026-09-02,2026-09-05,3,-24.5,-24.5,0,0,No Change
1,Boise State Broncos@Oregon Ducks,Boise State Broncos,2026-09-02,2026-09-05,3,24.5,24.5,0,0,No Change
1,Ball State Cardinals@Ohio State Buckeyes,Ball State Cardinals,2026-09-02,2026-09-05,3,50.5,50.5,0,0,No Change
1,Ohio Bobcats@Nebraska Cornhuskers,Nebraska Cornhuskers,2026-09-02,2026-09-05,3,-23.5,-23.5,0,0,No Change
1,Ohio Bobcats@Nebraska Cornhuskers,Ohio Bobcats,2026-09-02,2026-09-05,3,23.5,23.5,0,0,No Change
1,Western Michigan Broncos@Michigan Wolverines,Michigan Wolverines,2026-09-02,2026-09-05,3,-27.5,-27.5,0,0,No Change
1,Western Michigan Broncos@Michigan Wolverines,Western Michigan Broncos,2026-09-02,2026-09-05,3,27.5,27.5,0,0,No Change
1,Northern Illinois Huskies@Iowa Hawkeyes,Iowa Hawkeyes,2026-09-02,2026-09-05,3,-31.5,-31.5,0,0,No Change
1,Northern Illinois Huskies@Iowa Hawkeyes,Northern Illinois Huskies,2026-09-02,2026-09-05,3,31.5,31.5,0,0,No Change
1,North Texas Mean Green@Indiana Hoosiers,Indiana Hoosiers,2026-09-02,2026-09-05,3,-40.5,-40.5,0,0,No Change
1,North Texas Mean Green@Indiana Hoosiers,North Texas Mean Green,2026-09-02,2026-09-05,3,40.5,40.5,0,0,No Change
1,SMU Mustangs@Florida State Seminoles,Florida State Seminoles,2026-09-02,2026-09-07,5,3,3,0,0,No Change
1,SMU Mustangs@Florida State Seminoles,SMU Mustangs,2026-09-02,2026-09-07,5,-3,-3,0,0,No Change
1,UCLA Bruins@California Golden Bears,California Golden Bears,2026-09-02,2026-09-05,3,2.5,2.5,0,0,No Change
1,Tulane Green Wave@Duke Blue Devils,Duke Blue Devils,2026-09-02,2026-09-05,3,-7.5,-7.5,0,0,No Change
1,Tulane Green Wave@Duke Blue Devils,Tulane Green Wave,2026-09-02,2026-09-05,3,7.5,7.5,0,0,No Change
1,Miami (OH) RedHawks@Pittsburgh Panthers,Pittsburgh Panthers,2026-09-02,2026-09-05,3,-16.5,-16.5,0,0,No Change
1,Miami (OH) RedHawks@Pittsburgh Panthers,Miami (OH) RedHawks,2026-09-02,2026-09-05,3,16.5,16.5,0,0,No Change
1,Akron Zips@Wake Forest Demon Deacons,Akron Zips,2026-09-02,2026-09-03,1,24.5,24.5,0,0,No Change
1,Boston College Eagles@Cincinnati Bearcats,Cincinnati Bearcats,2026-09-02,2026-09-05,3,-7.5,-7.5,0,0,No Change
1,Boston College Eagles@Cincinnati Bearcats,Boston College Eagles,2026-09-02,2026-09-05,3,7.5,7.5,0,0,No Change
1,Colorado Buffaloes@Georgia Tech Yellow Jackets,Georgia Tech Yellow Jackets,2026-09-02,2026-09-03,1,-6.5,-6.5,0,0,No Change
1,Colorado Buffaloes@Georgia Tech Yellow Jackets,Colorado Buffaloes,2026-09-02,2026-09-03,1,6.5,6.5,0,0,No Change
1,Oklahoma State Cowboys@Tulsa Golden Hurricane,Tulsa Golden Hurricane,2026-09-02,2026-09-05,3,13.5,13.5,0,0,No Change
1,Oklahoma State Cowboys@Tulsa Golden Hurricane,Oklahoma State Cowboys,2026-09-02,2026-09-05,3,-13.5,-13.5,0,0,No Change
1,Texas State Bobcats@Texas Longhorns,Texas Longhorns,2026-09-02,2026-09-05,3,-29.5,-29.5,0,0,No Change
1,Texas State Bobcats@Texas Longhorns,Texas State Bobcats,2026-09-02,2026-09-05,3,29.5,29.5,0,0,No Change
1,UTEP Miners@Oklahoma Sooners,Oklahoma Sooners,2026-09-02,2026-09-04,2,-41.5,-41.5,0,0,No Change
1,UTEP Miners@Oklahoma Sooners,UTEP Miners,2026-09-02,2026-09-04,2,41.5,41.5,0,0,No Change
1,UL Monroe Warhawks@Mississippi State Bulldogs,Mississippi State Bulldogs,2026-09-02,2026-09-05,3,-28.5,-28.5,0,0,No Change
1,UL Monroe Warhawks@Mississippi State Bulldogs,UL Monroe Warhawks,2026-09-02,2026-09-05,3,28.5,28.5,0,0,No Change
1,Clemson Tigers@LSU Tigers,LSU Tigers,2026-09-02,2026-09-05,3,-10,-10,0,0,No Change
1,Clemson Tigers@LSU Tigers,Clemson Tigers,2026-09-02,2026-09-05,3,10,10,0,0,No Change
1,Florida Atlantic Owls@Florida Gators,Florida Gators,2026-09-02,2026-09-05,3,-26.5,-26.5,0,0,No Change
1,Florida Atlantic Owls@Florida Gators,Florida Atlantic Owls,2026-09-02,2026-09-05,3,26.5,26.5,0,0,No Change
1,Baylor Bears@Auburn Tigers,Auburn Tigers,2026-09-02,2026-09-05,3,-7.5,-7.5,0,0,No Change
1,Baylor Bears@Auburn Tigers,Baylor Bears,2026-09-02,2026-09-05,3,7.5,7.5,0,0,No Change
1,East Carolina Pirates@Alabama Crimson Tide,East Carolina Pirates,2026-09-02,2026-09-05,3,28,28,0,0,No Change
1,UMass Minutemen@Rutgers Scarlet Knights,Rutgers Scarlet Knights,2026-09-03,2026-09-03,0,-29,-29,0,0,No Change
1,UMass Minutemen@Rutgers Scarlet Knights,UMass Minutemen,2026-09-03,2026-09-03,0,29.5,29.5,0,0,No Change
2,Southern Mississippi Golden Eagles@Auburn Tigers,Auburn Tigers,2026-09-07,2026-09-12,5,-29,-32.5,-3.5,3.5,Moved Down
2,Southern Mississippi Golden Eagles@Auburn Tigers,Southern Mississippi Golden Eagles,2026-09-07,2026-09-12,5,30.5,32.5,2,2,Moved Up
2,Oklahoma Sooners@Michigan Wolverines,Michigan Wolverines,2026-09-07,2026-09-12,5,6.5,4.5,-2,2,Moved Down
2,Bowling Green Falcons@Nebraska Cornhuskers,Nebraska Cornhuskers,2026-09-07,2026-09-12,5,-28.5,-30.5,-2,2,Moved Down
2,Bowling Green Falcons@Nebraska Cornhuskers,Bowling Green Falcons,2026-09-07,2026-09-12,5,28.5,30.5,2,2,Moved Up
2,App State Mountaineers@East Carolina Pirates,East Carolina Pirates,2026-09-07,2026-09-12,5,-8.5,-6.5,2,2,Moved Up
2,App State Mountaineers@East Carolina Pirates,App State Mountaineers,2026-09-07,2026-09-12,5,8.5,6.5,-2,2,Moved Down
2,Louisiana Tech Bulldogs@LSU Tigers,LSU Tigers,2026-09-07,2026-09-12,5,-33.5,-35.5,-2,2,Moved Down
2,Louisiana Tech Bulldogs@LSU Tigers,Louisiana Tech Bulldogs,2026-09-07,2026-09-12,5,33.5,35.5,2,2,Moved Up
2,Middle Tennessee Blue Raiders@Marshall Thundering Herd,Middle Tennessee Blue Raiders,2026-09-07,2026-09-12,5,14.5,12.5,-2,2,Moved Down
2,Charlotte 49ers@Ole Miss Rebels,Ole Miss Rebels,2026-09-10,2026-09-12,2,-47.5,-45.5,2,2,Moved Up
2,Charlotte 49ers@Ole Miss Rebels,Charlotte 49ers,2026-09-10,2026-09-12,2,47.5,45.5,-2,2,Moved Down
2,Tennessee Volunteers@Georgia Tech Yellow Jackets,Georgia Tech Yellow Jackets,2026-09-07,2026-09-12,5,13,11.5,-1.5,1.5,Moved Down
2,Georgia Southern Eagles@Clemson Tigers,Clemson Tigers,2026-09-07,2026-09-12,5,-21,-19.5,1.5,1.5,Moved Up
2,Georgia Southern Eagles@Clemson Tigers,Georgia Southern Eagles,2026-09-07,2026-09-12,5,21,19.5,-1.5,1.5,Moved Down
2,Old Dominion Monarchs@Virginia Tech Hokies,Virginia Tech Hokies,2026-09-07,2026-09-12,5,-17.5,-19,-1.5,1.5,Moved Down
2,Wake Forest Demon Deacons@Purdue Boilermakers,Purdue Boilermakers,2026-09-07,2026-09-12,5,4.5,3,-1.5,1.5,Moved Down
2,Wake Forest Demon Deacons@Purdue Boilermakers,Wake Forest Demon Deacons,2026-09-07,2026-09-12,5,-4.5,-3,1.5,1.5,Moved Up
2,San Diego State Aztecs@UCLA Bruins,San Diego State Aztecs,2026-09-07,2026-09-12,5,11,12.5,1.5,1.5,Moved Up
2,UNLV Rebels@North Texas Mean Green,North Texas Mean Green,2026-09-07,2026-09-12,5,4.5,3,-1.5,1.5,Moved Down
2,UNLV Rebels@North Texas Mean Green,UNLV Rebels,2026-09-07,2026-09-12,5,-4.5,-3,1.5,1.5,Moved Up
2,UL Monroe Warhawks@UAB Blazers,UAB Blazers,2026-09-07,2026-09-12,5,-11,-9.5,1.5,1.5,Moved Up
2,UL Monroe Warhawks@UAB Blazers,UL Monroe Warhawks,2026-09-07,2026-09-12,5,11,9.5,-1.5,1.5,Moved Down
2,North Dakota State@Air Force Falcons,North Dakota State,2026-09-07,2026-09-12,5,-3.5,-2,1.5,1.5,Moved Up
2,New Mexico State Aggies@Hawaii Rainbow Warriors,New Mexico State Aggies,2026-09-07,2026-09-13,6,10,11.5,1.5,1.5,Moved Up
2,Missouri Tigers@Kansas Jayhawks,Kansas Jayhawks,2026-09-07,2026-09-11,4,6.5,5.5,-1,1,Moved Down
2,Missouri Tigers@Kansas Jayhawks,Missouri Tigers,2026-09-07,2026-09-11,4,-6.5,-5.5,1,1,Moved Up
2,Oklahoma Sooners@Michigan Wolverines,Oklahoma Sooners,2026-09-07,2026-09-12,5,-6.5,-5.5,1,1,Moved Up
2,Oregon Ducks@Oklahoma State Cowboys,Oklahoma State Cowboys,2026-09-07,2026-09-12,5,22.5,23.5,1,1,Moved Up
2,Oregon Ducks@Oklahoma State Cowboys,Oregon Ducks,2026-09-07,2026-09-12,5,-22.5,-23.5,-1,1,Moved Down
2,Texas Tech Red Raiders@Oregon State Beavers,Oregon State Beavers,2026-09-07,2026-09-12,5,26.5,25.5,-1,1,Moved Down
2,Penn State Nittany Lions@Temple Owls,Temple Owls,2026-09-07,2026-09-12,5,23.5,24.5,1,1,Moved Up
2,San Diego State Aztecs@UCLA Bruins,UCLA Bruins,2026-09-07,2026-09-12,5,-11.5,-12.5,-1,1,Moved Down
2,Maryland Terrapins@UConn Huskies,UConn Huskies,2026-09-07,2026-09-12,5,12.5,11.5,-1,1,Moved Down
2,Louisiana Ragin Cajuns@USC Trojans,USC Trojans,2026-09-07,2026-09-12,5,-30.5,-31.5,-1,1,Moved Down
2,Memphis Tigers@Boise State Broncos,Boise State Broncos,2026-09-07,2026-09-12,5,-7.5,-8.5,-1,1,Moved Down
2,Sacramento State@Fresno State Bulldogs,Fresno State Bulldogs,2026-09-07,2026-09-12,5,-18.5,-17.5,1,1,Moved Up
2,Sacramento State@Fresno State Bulldogs,Sacramento State,2026-09-07,2026-09-12,5,18.5,17.5,-1,1,Moved Down
2,North Dakota State@Air Force Falcons,Air Force Falcons,2026-09-07,2026-09-12,5,3.5,2.5,-1,1,Moved Down
2,South Alabama Jaguars@Tulane Green Wave,Tulane Green Wave,2026-09-07,2026-09-12,5,-10.5,-9.5,1,1,Moved Up
2,South Alabama Jaguars@Tulane Green Wave,South Alabama Jaguars,2026-09-07,2026-09-12,5,10.5,9.5,-1,1,Moved Down
2,New Mexico State Aggies@Hawaii Rainbow Warriors,Hawaii Rainbow Warriors,2026-09-07,2026-09-13,6,-9.5,-10.5,-1,1,Moved Down
2,Jacksonville State Gamecocks@Ohio Bobcats,Jacksonville State Gamecocks,2026-09-07,2026-09-12,5,1.5,2.5,1,1,Moved Up
2,Georgia State Panthers@Kennesaw State Owls,Kennesaw State Owls,2026-09-07,2026-09-12,5,-9.5,-8.5,1,1,Moved Up
2,Georgia State Panthers@Kennesaw State Owls,Georgia State Panthers,2026-09-07,2026-09-12,5,9.5,8.5,-1,1,Moved Down
2,Utah State Aggies@Washington Huskies,Washington Huskies,2026-09-10,2026-09-12,2,-26.5,-27.5,-1,1,Moved Down
2,Washington State Cougars@Kansas State Wildcats,Kansas State Wildcats,2026-09-10,2026-09-12,2,-18.5,-17.5,1,1,Moved Up
2,Navy Midshipmen@Florida Atlantic Owls,Navy Midshipmen,2026-09-10,2026-09-12,2,-5.5,-4.5,1,1,Moved Up
2,Utah State Aggies@Washington Huskies,Utah State Aggies,2026-09-10,2026-09-12,2,26.5,27.5,1,1,Moved Up
2,Alabama Crimson Tide@Kentucky Wildcats,Kentucky Wildcats,2026-09-07,2026-09-12,5,10,10.5,0.5,0.5,Moved Up
2,Mississippi State Bulldogs@Minnesota Golden Gophers,Minnesota Golden Gophers,2026-09-07,2026-09-12,5,1,1.5,0.5,0.5,Moved Up
2,Mississippi State Bulldogs@Minnesota Golden Gophers,Mississippi State Bulldogs,2026-09-07,2026-09-12,5,-1,-1.5,-0.5,0.5,Moved Down
2,Tennessee Volunteers@Georgia Tech Yellow Jackets,Tennessee Volunteers,2026-09-07,2026-09-12,5,-13,-12.5,0.5,0.5,Moved Up
2,Ohio State Buckeyes@Texas Longhorns,Ohio State Buckeyes,2026-09-07,2026-09-12,5,1,1.5,0.5,0.5,Moved Up
2,Arizona State Sun Devils@Texas A&M Aggies,Arizona State Sun Devils,2026-09-07,2026-09-12,5,14,14.5,0.5,0.5,Moved Up
2,Delaware Blue Hens@Vanderbilt Commodores,Vanderbilt Commodores,2026-09-07,2026-09-12,5,-20.5,-21,-0.5,0.5,Moved Down
2,Delaware Blue Hens@Vanderbilt Commodores,Delaware Blue Hens,2026-09-07,2026-09-12,5,20.5,21,0.5,0.5,Moved Up
2,Texas Tech Red Raiders@Oregon State Beavers,Texas Tech Red Raiders,2026-09-07,2026-09-12,5,-26,-26.5,-0.5,0.5,Moved Down
2,Iowa State Cyclones@Iowa Hawkeyes,Iowa Hawkeyes,2026-09-07,2026-09-12,5,-14.5,-14,0.5,0.5,Moved Up
2,UCF Knights@Pittsburgh Panthers,Pittsburgh Panthers,2026-09-07,2026-09-12,5,-7.5,-7,0.5,0.5,Moved Up
2,UCF Knights@Pittsburgh Panthers,UCF Knights,2026-09-07,2026-09-12,5,7.5,7,-0.5,0.5,Moved Down
2,California Golden Bears@Syracuse Orange,Syracuse Orange,2026-09-07,2026-09-12,5,-3,-3.5,-0.5,0.5,Moved Down
2,California Golden Bears@Syracuse Orange,California Golden Bears,2026-09-07,2026-09-12,5,3,3.5,0.5,0.5,Moved Up
2,Duke Blue Devils@Illinois Fighting Illini,Duke Blue Devils,2026-09-07,2026-09-12,5,6,5.5,-0.5,0.5,Moved Down
2,Old Dominion Monarchs@Virginia Tech Hokies,Old Dominion Monarchs,2026-09-07,2026-09-12,5,18,18.5,0.5,0.5,Moved Up
2,Penn State Nittany Lions@Temple Owls,Penn State Nittany Lions,2026-09-07,2026-09-12,5,-23.5,-24,-0.5,0.5,Moved Down
2,Maryland Terrapins@UConn Huskies,Maryland Terrapins,2026-09-07,2026-09-12,5,-12,-11.5,0.5,0.5,Moved Up
2,Louisiana Ragin Cajuns@USC Trojans,Louisiana Ragin Cajuns,2026-09-07,2026-09-12,5,31.5,31,-0.5,0.5,Moved Down
2,South Florida Bulls@Army Black Knights,South Florida Bulls,2026-09-07,2026-09-12,5,3.5,3,-0.5,0.5,Moved Down
2,Tulsa Golden Hurricane@Sam Houston State Bearkats,Tulsa Golden Hurricane,2026-09-07,2026-09-12,5,-13.5,-13,0.5,0.5,Moved Up
2,Buffalo Bulls@Florida International Panthers,Florida International Panthers,2026-09-07,2026-09-12,5,-10.5,-10,0.5,0.5,Moved Up
2,Buffalo Bulls@Florida International Panthers,Buffalo Bulls,2026-09-07,2026-09-12,5,10.5,10,-0.5,0.5,Moved Down
2,Middle Tennessee Blue Raiders@Marshall Thundering Herd,Marshall Thundering Herd,2026-09-07,2026-09-12,5,-14,-13.5,0.5,0.5,Moved Up
2,UTSA Roadrunners@Texas State Bobcats,Texas State Bobcats,2026-09-10,2026-09-12,2,-2,-2.5,-0.5,0.5,Moved Down
2,Navy Midshipmen@Florida Atlantic Owls,Florida Atlantic Owls,2026-09-10,2026-09-12,2,5,4.5,-0.5,0.5,Moved Down
2,UTSA Roadrunners@Texas State Bobcats,UTSA Roadrunners,2026-09-10,2026-09-12,2,2,1.5,-0.5,0.5,Moved Down
2,Arkansas Razorbacks@Utah Utes,Utah Utes,2026-09-07,2026-09-12,5,-12.5,-12.5,0,0,No Change
2,Arkansas Razorbacks@Utah Utes,Arkansas Razorbacks,2026-09-07,2026-09-12,5,12.5,12.5,0,0,No Change
2,Western Kentucky Hilltoppers@Georgia Bulldogs,Georgia Bulldogs,2026-09-07,2026-09-12,5,-40.5,-40.5,0,0,No Change
2,Western Kentucky Hilltoppers@Georgia Bulldogs,Western Kentucky Hilltoppers,2026-09-07,2026-09-12,5,40.5,40.5,0,0,No Change
2,Alabama Crimson Tide@Kentucky Wildcats,Alabama Crimson Tide,2026-09-07,2026-09-12,5,-10,-10,0,0,No Change
2,Ohio State Buckeyes@Texas Longhorns,Texas Longhorns,2026-09-07,2026-09-12,5,-1.5,-1.5,0,0,No Change
2,Arizona State Sun Devils@Texas A&M Aggies,Texas A&M Aggies,2026-09-07,2026-09-12,5,-14.5,-14.5,0,0,No Change
2,Iowa State Cyclones@Iowa Hawkeyes,Iowa State Cyclones,2026-09-07,2026-09-12,5,14,14,0,0,No Change
2,Arizona Wildcats@BYU Cougars,BYU Cougars,2026-09-07,2026-09-12,5,-7.5,-7.5,0,0,No Change
2,Arizona Wildcats@BYU Cougars,Arizona Wildcats,2026-09-07,2026-09-12,5,7.5,7.5,0,0,No Change
2,Rutgers Scarlet Knights@Boston College Eagles,Boston College Eagles,2026-09-07,2026-09-11,4,-3.5,-3.5,0,0,No Change
2,Rutgers Scarlet Knights@Boston College Eagles,Rutgers Scarlet Knights,2026-09-07,2026-09-11,4,3.5,3.5,0,0,No Change
2,Duke Blue Devils@Illinois Fighting Illini,Illinois Fighting Illini,2026-09-07,2026-09-12,5,-6,-6,0,0,No Change
2,Eastern Michigan Eagles@Michigan State Spartans,Michigan State Spartans,2026-09-07,2026-09-12,5,-17.5,-17.5,0,0,No Change
2,Eastern Michigan Eagles@Michigan State Spartans,Eastern Michigan Eagles,2026-09-07,2026-09-12,5,17.5,17.5,0,0,No Change
2,Memphis Tigers@Boise State Broncos,Memphis Tigers,2026-09-07,2026-09-12,5,8.5,8.5,0,0,No Change
2,South Florida Bulls@Army Black Knights,Army Black Knights,2026-09-07,2026-09-12,5,-3.5,-3.5,0,0,No Change
2,Tulsa Golden Hurricane@Sam Houston State Bearkats,Sam Houston State Bearkats,2026-09-07,2026-09-12,5,13.5,13.5,0,0,No Change
2,South Alabama Jaguars@Arkansas State Red Wolves,South Alabama Jaguars,2026-09-07,2026-09-07,0,10.5,10.5,0,0,No Change
2,Jacksonville State Gamecocks@Ohio Bobcats,Ohio Bobcats,2026-09-07,2026-09-12,5,-2.5,-2.5,0,0,No Change
2,Rice Owls@Notre Dame Fighting Irish,Notre Dame Fighting Irish,2026-09-10,2026-09-12,2,-44.5,-44.5,0,0,No Change
2,Washington State Cougars@Kansas State Wildcats,Washington State Cougars,2026-09-10,2026-09-12,2,17.5,17.5,0,0,No Change
2,Rice Owls@Notre Dame Fighting Irish,Rice Owls,2026-09-10,2026-09-12,2,44.5,44.5,0,0,No Change
3,Akron Zips@Minnesota Golden Gophers,Akron Zips,2026-09-13,2026-09-19,6,26.5,23.5,-3,3,Moved Down
3,Akron Zips@Minnesota Golden Gophers,Minnesota Golden Gophers,2026-09-13,2026-09-19,6,-26.5,-23.5,3,3,Moved Up
3,BYU Cougars@Colorado State Rams,BYU Cougars,2026-09-13,2026-09-19,6,-20.5,-17.5,3,3,Moved Up
3,BYU Cougars@Colorado State Rams,Colorado State Rams,2026-09-13,2026-09-19,6,20.5,17.5,-3,3,Moved Down
3,Charlotte 49ers@App State Mountaineers,App State Mountaineers,2026-09-13,2026-09-19,6,-20.5,-17.5,3,3,Moved Up
3,Charlotte 49ers@App State Mountaineers,Charlotte 49ers,2026-09-13,2026-09-19,6,20.5,17.5,-3,3,Moved Down
3,Georgia State Panthers@UCF Knights,Georgia State Panthers,2026-09-13,2026-09-19,6,20.5,17.5,-3,3,Moved Down
3,Georgia State Panthers@UCF Knights,UCF Knights,2026-09-13,2026-09-19,6,-20.5,-17.5,3,3,Moved Up
3,Nevada Wolf Pack@Middle Tennessee Blue Raiders,Middle Tennessee Blue Raiders,2026-09-13,2026-09-19,6,6.5,3.5,-3,3,Moved Down
3,Nevada Wolf Pack@Middle Tennessee Blue Raiders,Nevada Wolf Pack,2026-09-13,2026-09-19,6,-6.5,-3.5,3,3,Moved Up
3,USC Trojans@Rutgers Scarlet Knights,Rutgers Scarlet Knights,2026-09-13,2026-09-19,6,24.5,21.5,-3,3,Moved Down
3,USC Trojans@Rutgers Scarlet Knights,USC Trojans,2026-09-13,2026-09-19,6,-24.5,-21.5,3,3,Moved Up
3,Western Michigan Broncos@Rice Owls,Rice Owls,2026-09-13,2026-09-19,6,12,9.5,-2.5,2.5,Moved Down
3,Western Michigan Broncos@Rice Owls,Western Michigan Broncos,2026-09-13,2026-09-19,6,-12,-9.5,2.5,2.5,Moved Up
3,Wyoming Cowboys@Central Michigan Chippewas,Central Michigan Chippewas,2026-09-13,2026-09-19,6,-1.5,1,2.5,2.5,Moved Up
3,Wyoming Cowboys@Central Michigan Chippewas,Wyoming Cowboys,2026-09-13,2026-09-19,6,1.5,-1,-2.5,2.5,Moved Down
3,Houston Cougars@Texas Tech Red Raiders,Houston Cougars,2026-09-13,2026-09-18,5,9.5,7.5,-2,2,Moved Down
3,Houston Cougars@Texas Tech Red Raiders,Texas Tech Red Raiders,2026-09-13,2026-09-18,5,-9.5,-7.5,2,2,Moved Up
3,Louisiana Tech Bulldogs@Baylor Bears,Baylor Bears,2026-09-13,2026-09-19,6,-18,-20,-2,2,Moved Down
3,Louisiana Tech Bulldogs@Baylor Bears,Louisiana Tech Bulldogs,2026-09-13,2026-09-19,6,18,20,2,2,Moved Up
3,Miami Hurricanes@Wake Forest Demon Deacons,Miami Hurricanes,2026-09-13,2026-09-18,5,-22.5,-20.5,2,2,Moved Up
3,Miami Hurricanes@Wake Forest Demon Deacons,Wake Forest Demon Deacons,2026-09-13,2026-09-18,5,22.5,20.5,-2,2,Moved Down
3,Northern Illinois Huskies@Arizona Wildcats,Arizona Wildcats,2026-09-13,2026-09-19,6,-35.5,-33.5,2,2,Moved Up
3,Northern Illinois Huskies@Arizona Wildcats,Northern Illinois Huskies,2026-09-13,2026-09-19,6,35.5,33.5,-2,2,Moved Down
3,Ohio Bobcats@South Alabama Jaguars,Ohio Bobcats,2026-09-13,2026-09-19,6,4.5,6.5,2,2,Moved Up
3,Ohio Bobcats@South Alabama Jaguars,South Alabama Jaguars,2026-09-13,2026-09-19,6,-4.5,-6.5,-2,2,Moved Down
3,UAB Blazers@Louisiana Ragin Cajuns,Louisiana Ragin Cajuns,2026-09-13,2026-09-19,6,-9.5,-7.5,2,2,Moved Up
3,UAB Blazers@Louisiana Ragin Cajuns,UAB Blazers,2026-09-13,2026-09-19,6,9.5,7.5,-2,2,Moved Down
3,UTEP Miners@Michigan Wolverines,Michigan Wolverines,2026-09-13,2026-09-19,6,-36.5,-34.5,2,2,Moved Up
3,UTEP Miners@Michigan Wolverines,UTEP Miners,2026-09-13,2026-09-19,6,36.5,34.5,-2,2,Moved Down
3,Arkansas State Red Wolves@TCU Horned Frogs,Arkansas State Red Wolves,2026-09-13,2026-09-19,6,20.5,19,-1.5,1.5,Moved Down
3,Arkansas State Red Wolves@TCU Horned Frogs,TCU Horned Frogs,2026-09-13,2026-09-19,6,-20.5,-19,1.5,1.5,Moved Up
3,Buffalo Bulls@Penn State Nittany Lions,Buffalo Bulls,2026-09-13,2026-09-19,6,39.5,41,1.5,1.5,Moved Up
3,Buffalo Bulls@Penn State Nittany Lions,Penn State Nittany Lions,2026-09-13,2026-09-19,6,-39.5,-41,-1.5,1.5,Moved Down
3,Kentucky Wildcats@Texas A&M Aggies,Kentucky Wildcats,2026-09-13,2026-09-19,6,15.5,17,1.5,1.5,Moved Up
3,Kentucky Wildcats@Texas A&M Aggies,Texas A&M Aggies,2026-09-13,2026-09-19,6,-15.5,-17,-1.5,1.5,Moved Down
3,NC State Wolfpack@Vanderbilt Commodores,NC State Wolfpack,2026-09-13,2026-09-19,6,4.5,3,-1.5,1.5,Moved Down
3,NC State Wolfpack@Vanderbilt Commodores,Vanderbilt Commodores,2026-09-13,2026-09-19,6,-4.5,-3,1.5,1.5,Moved Up
3,New Mexico Lobos@Oklahoma Sooners,New Mexico Lobos,2026-09-13,2026-09-19,6,23,21.5,-1.5,1.5,Moved Down
3,New Mexico Lobos@Oklahoma Sooners,Oklahoma Sooners,2026-09-13,2026-09-19,6,-23,-21.5,1.5,1.5,Moved Up
3,Eastern Michigan Eagles@Wisconsin Badgers,Eastern Michigan Eagles,2026-09-13,2026-09-19,6,24.5,23.5,-1,1,Moved Down
3,Eastern Michigan Eagles@Wisconsin Badgers,Wisconsin Badgers,2026-09-13,2026-09-19,6,-24.5,-23.5,1,1,Moved Up
3,Florida International Panthers@Florida Atlantic Owls,Florida Atlantic Owls,2026-09-13,2026-09-19,6,-7.5,-6.5,1,1,Moved Up
3,Florida International Panthers@Florida Atlantic Owls,Florida International Panthers,2026-09-13,2026-09-19,6,7.5,6.5,-1,1,Moved Down
3,Kent State Golden Flashes@Ohio State Buckeyes,Kent State Golden Flashes,2026-09-13,2026-09-19,6,51.5,52.5,1,1,Moved Up
3,Kent State Golden Flashes@Ohio State Buckeyes,Ohio State Buckeyes,2026-09-13,2026-09-19,6,-51.5,-52.5,-1,1,Moved Down
3,Miami (OH) RedHawks@Cincinnati Bearcats,Cincinnati Bearcats,2026-09-13,2026-09-19,6,-14.5,-15.5,-1,1,Moved Down
3,Miami (OH) RedHawks@Cincinnati Bearcats,Miami (OH) RedHawks,2026-09-13,2026-09-19,6,14.5,15.5,1,1,Moved Up
3,Purdue Boilermakers@UCLA Bruins,Purdue Boilermakers,2026-09-13,2026-09-19,6,15,14,-1,1,Moved Down
3,Purdue Boilermakers@UCLA Bruins,UCLA Bruins,2026-09-13,2026-09-19,6,-15,-14,1,1,Moved Up
3,SMU Mustangs@Louisville Cardinals,Louisville Cardinals,2026-09-13,2026-09-19,6,-2.5,-1.5,1,1,Moved Up
3,SMU Mustangs@Louisville Cardinals,SMU Mustangs,2026-09-13,2026-09-19,6,2.5,1.5,-1,1,Moved Down
3,Temple Owls@Toledo Rockets,Temple Owls,2026-09-13,2026-09-19,6,5,6,1,1,Moved Up
3,Temple Owls@Toledo Rockets,Toledo Rockets,2026-09-13,2026-09-19,6,-5,-6,-1,1,Moved Down
3,Tulane Green Wave@Kansas State Wildcats,Kansas State Wildcats,2026-09-13,2026-09-19,6,-19.5,-20.5,-1,1,Moved Down
3,Tulane Green Wave@Kansas State Wildcats,Tulane Green Wave,2026-09-13,2026-09-19,6,19.5,20.5,1,1,Moved Up
3,Utah State Aggies@Utah Utes,Utah State Aggies,2026-09-13,2026-09-19,6,28.5,27.5,-1,1,Moved Down
3,Utah State Aggies@Utah Utes,Utah Utes,2026-09-13,2026-09-19,6,-28.5,-27.5,1,1,Moved Up
3,Virginia Cavaliers@West Virginia Mountaineers,Virginia Cavaliers,2026-09-13,2026-09-19,6,-9.5,-10.5,-1,1,Moved Down
3,Virginia Cavaliers@West Virginia Mountaineers,West Virginia Mountaineers,2026-09-13,2026-09-19,6,9.5,10.5,1,1,Moved Up
3,Bowling Green Falcons@Iowa State Cyclones,Bowling Green Falcons,2026-09-13,2026-09-19,6,23,23.5,0.5,0.5,Moved Up
3,Bowling Green Falcons@Iowa State Cyclones,Iowa State Cyclones,2026-09-13,2026-09-19,6,-23,-23.5,-0.5,0.5,Moved Down
3,Coastal Carolina Chanticleers@Delaware Blue Hens,Coastal Carolina Chanticleers,2026-09-13,2026-09-19,6,5.5,5,-0.5,0.5,Moved Down
3,Coastal Carolina Chanticleers@Delaware Blue Hens,Delaware Blue Hens,2026-09-13,2026-09-19,6,-5.5,-5,0.5,0.5,Moved Up
3,East Carolina Pirates@Old Dominion Monarchs,East Carolina Pirates,2026-09-13,2026-09-19,6,2.5,3,0.5,0.5,Moved Up
3,East Carolina Pirates@Old Dominion Monarchs,Old Dominion Monarchs,2026-09-13,2026-09-19,6,-2.5,-3,-0.5,0.5,Moved Down
3,Florida Gators@Auburn Tigers,Auburn Tigers,2026-09-13,2026-09-19,6,2.5,2,-0.5,0.5,Moved Down
3,Florida Gators@Auburn Tigers,Florida Gators,2026-09-13,2026-09-19,6,-2.5,-2,0.5,0.5,Moved Up
3,Florida State Seminoles@Alabama Crimson Tide,Alabama Crimson Tide,2026-09-13,2026-09-19,6,-20,-19.5,0.5,0.5,Moved Up
3,Florida State Seminoles@Alabama Crimson Tide,Florida State Seminoles,2026-09-13,2026-09-19,6,20,19.5,-0.5,0.5,Moved Down
3,Fresno State Bulldogs@San Jose State Spartans,Fresno State Bulldogs,2026-09-13,2026-09-19,6,-7,-6.5,0.5,0.5,Moved Up
3,Fresno State Bulldogs@San Jose State Spartans,San Jose State Spartans,2026-09-13,2026-09-19,6,7,6.5,-0.5,0.5,Moved Down
3,Georgia Southern Eagles@Jacksonville State Gamecocks,Georgia Southern Eagles,2026-09-13,2026-09-19,6,3.5,3,-0.5,0.5,Moved Down
3,Georgia Southern Eagles@Jacksonville State Gamecocks,Jacksonville State Gamecocks,2026-09-13,2026-09-19,6,-3.5,-3,0.5,0.5,Moved Up
3,Kansas Jayhawks@Arizona State Sun Devils,Arizona State Sun Devils,2026-09-13,2026-09-19,6,-6,-5.5,0.5,0.5,Moved Up
3,Kansas Jayhawks@Arizona State Sun Devils,Kansas Jayhawks,2026-09-13,2026-09-19,6,6,5.5,-0.5,0.5,Moved Down
3,Kennesaw State Owls@Tennessee Volunteers,Kennesaw State Owls,2026-09-13,2026-09-19,6,35,35.5,0.5,0.5,Moved Up
3,Kennesaw State Owls@Tennessee Volunteers,Tennessee Volunteers,2026-09-13,2026-09-19,6,-35,-35.5,-0.5,0.5,Moved Down
3,Marshall Thundering Herd@Missouri State Bears,Marshall Thundering Herd,2026-09-13,2026-09-19,6,-4.5,-4,0.5,0.5,Moved Up
3,Marshall Thundering Herd@Missouri State Bears,Missouri State Bears,2026-09-13,2026-09-19,6,4.5,4,-0.5,0.5,Moved Down
3,Michigan State Spartans@Notre Dame Fighting Irish,Michigan State Spartans,2026-09-13,2026-09-19,6,30,29.5,-0.5,0.5,Moved Down
3,Michigan State Spartans@Notre Dame Fighting Irish,Notre Dame Fighting Irish,2026-09-13,2026-09-19,6,-30,-29.5,0.5,0.5,Moved Up
3,Mississippi State Bulldogs@South Carolina Gamecocks,Mississippi State Bulldogs,2026-09-13,2026-09-19,6,3.5,4,0.5,0.5,Moved Up
3,Mississippi State Bulldogs@South Carolina Gamecocks,South Carolina Gamecocks,2026-09-13,2026-09-19,6,-3.5,-4,-0.5,0.5,Moved Down
3,North Carolina Tar Heels@Clemson Tigers,Clemson Tigers,2026-09-13,2026-09-19,6,-3.5,-3,0.5,0.5,Moved Up
3,North Carolina Tar Heels@Clemson Tigers,North Carolina Tar Heels,2026-09-13,2026-09-19,6,3.5,3,-0.5,0.5,Moved Down
3,Syracuse Orange@Pittsburgh Panthers,Pittsburgh Panthers,2026-09-13,2026-09-17,4,-10.5,-10,0.5,0.5,Moved Up
3,Syracuse Orange@Pittsburgh Panthers,Syracuse Orange,2026-09-13,2026-09-17,4,10.5,10,-0.5,0.5,Moved Down
3,UConn Huskies@Southern Mississippi Golden Eagles,Southern Mississippi Golden Eagles,2026-09-13,2026-09-19,6,3.5,3,-0.5,0.5,Moved Down
3,UConn Huskies@Southern Mississippi Golden Eagles,UConn Huskies,2026-09-13,2026-09-19,6,-3.5,-3,0.5,0.5,Moved Up
3,Virginia Tech Hokies@Maryland Terrapins,Maryland Terrapins,2026-09-13,2026-09-19,6,3.5,3,-0.5,0.5,Moved Down
3,Virginia Tech Hokies@Maryland Terrapins,Virginia Tech Hokies,2026-09-13,2026-09-19,6,-3.5,-3,0.5,0.5,Moved Up
3,Ball State Cardinals@Liberty Flames,Ball State Cardinals,2026-09-13,2026-09-19,6,14.5,14.5,0,0,No Change
3,Ball State Cardinals@Liberty Flames,Liberty Flames,2026-09-13,2026-09-19,6,-14.5,-14.5,0,0,No Change
3,Colorado Buffaloes@Northwestern Wildcats,Colorado Buffaloes,2026-09-13,2026-09-19,6,3.5,3.5,0,0,No Change
3,Colorado Buffaloes@Northwestern Wildcats,Northwestern Wildcats,2026-09-13,2026-09-19,6,-3.5,-3.5,0,0,No Change
3,Georgia Bulldogs@Arkansas Razorbacks,Arkansas Razorbacks,2026-09-13,2026-09-19,6,24.5,24.5,0,0,No Change
3,Georgia Bulldogs@Arkansas Razorbacks,Georgia Bulldogs,2026-09-13,2026-09-19,6,-24.5,-24.5,0,0,No Change
3,James Madison Dukes@San Diego State Aztecs,James Madison Dukes,2026-09-13,2026-09-19,6,1.5,1.5,0,0,No Change
3,James Madison Dukes@San Diego State Aztecs,San Diego State Aztecs,2026-09-13,2026-09-19,6,-1.5,-1.5,0,0,No Change
3,LSU Tigers@Ole Miss Rebels,LSU Tigers,2026-09-13,2026-09-19,6,-3,-3,0,0,No Change
3,LSU Tigers@Ole Miss Rebels,Ole Miss Rebels,2026-09-13,2026-09-19,6,3,3,0,0,No Change
3,North Dakota State@Sacramento State,North Dakota State,2026-09-13,2026-09-19,6,-27.5,-27.5,0,0,No Change
3,North Dakota State@Sacramento State,Sacramento State,2026-09-13,2026-09-19,6,27.5,27.5,0,0,No Change
3,North Texas Mean Green@Texas State Bobcats,North Texas Mean Green,2026-09-13,2026-09-19,6,3,3,0,0,No Change
3,North Texas Mean Green@Texas State Bobcats,Texas State Bobcats,2026-09-13,2026-09-19,6,-3,-3,0,0,No Change
3,Stanford Cardinal@Duke Blue Devils,Duke Blue Devils,2026-09-13,2026-09-19,6,-10,-10,0,0,No Change
3,Stanford Cardinal@Duke Blue Devils,Stanford Cardinal,2026-09-13,2026-09-19,6,10,10,0,0,No Change
3,Troy Trojans@Missouri Tigers,Missouri Tigers,2026-09-13,2026-09-19,6,-27.5,-27.5,0,0,No Change
3,Troy Trojans@Missouri Tigers,Troy Trojans,2026-09-13,2026-09-19,6,27.5,27.5,0,0,No Change
3,UTSA Roadrunners@Texas Longhorns,Texas Longhorns,2026-09-13,2026-09-19,6,-30.5,-30.5,0,0,No Change
3,UTSA Roadrunners@Texas Longhorns,UTSA Roadrunners,2026-09-13,2026-09-19,6,30.5,30.5,0,0,No Change
3,Western Kentucky Hilltoppers@Indiana Hoosiers,Indiana Hoosiers,2026-09-13,2026-09-19,6,-44.5,-44.5,0,0,No Change
3,Western Kentucky Hilltoppers@Indiana Hoosiers,Western Kentucky Hilltoppers,2026-09-13,2026-09-19,6,44.5,44.5,0,0,No Change
4,Clemson Tigers@California Golden Bears,California Golden Bears,2026-09-20,2026-09-26,6,-1.5,3.5,5,5,Moved Up
4,Clemson Tigers@California Golden Bears,Clemson Tigers,2026-09-20,2026-09-26,6,1.5,-3.5,-5,5,Moved Down
4,Utah Utes@Iowa State Cyclones,Iowa State Cyclones,2026-09-20,2026-09-26,6,10.5,7.5,-3,3,Moved Down
4,Utah Utes@Iowa State Cyclones,Utah Utes,2026-09-20,2026-09-26,6,-10.5,-7.5,3,3,Moved Up
4,Louisiana Ragin Cajuns@Charlotte 49ers,Charlotte 49ers,2026-09-20,2026-09-26,6,12.5,10,-2.5,2.5,Moved Down
4,Louisiana Ragin Cajuns@Charlotte 49ers,Louisiana Ragin Cajuns,2026-09-20,2026-09-26,6,-12.5,-10,2.5,2.5,Moved Up
4,Arizona Wildcats@Washington State Cougars,Arizona Wildcats,2026-09-20,2026-09-26,6,-12.5,-10.5,2,2,Moved Up
4,Arizona Wildcats@Washington State Cougars,Washington State Cougars,2026-09-20,2026-09-26,6,12.5,10.5,-2,2,Moved Down
4,Florida Atlantic Owls@UL Monroe Warhawks,Florida Atlantic Owls,2026-09-20,2026-09-26,6,-13.5,-11.5,2,2,Moved Up
4,Florida Atlantic Owls@UL Monroe Warhawks,UL Monroe Warhawks,2026-09-20,2026-09-26,6,13.5,11.5,-2,2,Moved Down
4,Hawaii Rainbow Warriors@Wyoming Cowboys,Hawaii Rainbow Warriors,2026-09-20,2026-09-26,6,-4.5,-2.5,2,2,Moved Up
4,Hawaii Rainbow Warriors@Wyoming Cowboys,Wyoming Cowboys,2026-09-20,2026-09-26,6,4.5,2.5,-2,2,Moved Down
4,Kennesaw State Owls@Arkansas State Red Wolves,Arkansas State Red Wolves,2026-09-20,2026-09-26,6,-4.5,-6.5,-2,2,Moved Down
4,Kennesaw State Owls@Arkansas State Red Wolves,Kennesaw State Owls,2026-09-20,2026-09-26,6,4.5,6.5,2,2,Moved Up
4,Minnesota Golden Gophers@Washington Huskies,Minnesota Golden Gophers,2026-09-20,2026-09-26,6,8.5,10.5,2,2,Moved Up
4,Minnesota Golden Gophers@Washington Huskies,Washington Huskies,2026-09-20,2026-09-26,6,-8.5,-10.5,-2,2,Moved Down
4,New Mexico Lobos@New Mexico State Aggies,New Mexico Lobos,2026-09-20,2026-09-26,6,-13.5,-11.5,2,2,Moved Up
4,New Mexico Lobos@New Mexico State Aggies,New Mexico State Aggies,2026-09-20,2026-09-26,6,13.5,11.5,-2,2,Moved Down
4,Northwestern Wildcats@Indiana Hoosiers,Indiana Hoosiers,2026-09-20,2026-09-25,5,-22.5,-20.5,2,2,Moved Up
4,Northwestern Wildcats@Indiana Hoosiers,Northwestern Wildcats,2026-09-20,2026-09-25,5,22.5,20.5,-2,2,Moved Down
4,Air Force Falcons@Nevada Wolf Pack,Air Force Falcons,2026-09-20,2026-09-26,6,-4.5,-6,-1.5,1.5,Moved Down
4,Air Force Falcons@Nevada Wolf Pack,Nevada Wolf Pack,2026-09-20,2026-09-26,6,4.5,6,1.5,1.5,Moved Up
4,Middle Tennessee Blue Raiders@Jacksonville State Gamecocks,Jacksonville State Gamecocks,2026-09-20,2026-09-26,6,-8.5,-7,1.5,1.5,Moved Up
4,Middle Tennessee Blue Raiders@Jacksonville State Gamecocks,Middle Tennessee Blue Raiders,2026-09-20,2026-09-26,6,8.5,7,-1.5,1.5,Moved Down
4,Navy Midshipmen@UAB Blazers,Navy Midshipmen,2026-09-20,2026-09-25,5,-8,-6.5,1.5,1.5,Moved Up
4,Navy Midshipmen@UAB Blazers,UAB Blazers,2026-09-20,2026-09-25,5,8,6.5,-1.5,1.5,Moved Down
4,Nebraska Cornhuskers@Michigan State Spartans,Michigan State Spartans,2026-09-20,2026-09-26,6,4.5,6,1.5,1.5,Moved Up
4,Nebraska Cornhuskers@Michigan State Spartans,Nebraska Cornhuskers,2026-09-20,2026-09-26,6,-4.5,-6,-1.5,1.5,Moved Down
4,Oregon State Beavers@UTEP Miners,Oregon State Beavers,2026-09-20,2026-09-26,6,-12.5,-11,1.5,1.5,Moved Up
4,Oregon State Beavers@UTEP Miners,UTEP Miners,2026-09-20,2026-09-26,6,12.5,11,-1.5,1.5,Moved Down
4,Sam Houston State Bearkats@Texas Tech Red Raiders,Sam Houston State Bearkats,2026-09-20,2026-09-26,6,36,34.5,-1.5,1.5,Moved Down
4,Sam Houston State Bearkats@Texas Tech Red Raiders,Texas Tech Red Raiders,2026-09-20,2026-09-26,6,-36,-34.5,1.5,1.5,Moved Up
4,Colorado State Rams@UTSA Roadrunners,Colorado State Rams,2026-09-20,2026-09-26,6,13,14,1,1,Moved Up
4,Colorado State Rams@UTSA Roadrunners,UTSA Roadrunners,2026-09-20,2026-09-26,6,-13,-14,-1,1,Moved Down
4,Georgia Tech Yellow Jackets@Stanford Cardinal,Georgia Tech Yellow Jackets,2026-09-20,2026-09-26,6,-4.5,-3.5,1,1,Moved Up
4,Georgia Tech Yellow Jackets@Stanford Cardinal,Stanford Cardinal,2026-09-20,2026-09-26,6,4.5,3.5,-1,1,Moved Down
4,Houston Cougars@Georgia Southern Eagles,Georgia Southern Eagles,2026-09-20,2026-09-26,6,18.5,17.5,-1,1,Moved Down
4,Houston Cougars@Georgia Southern Eagles,Houston Cougars,2026-09-20,2026-09-26,6,-18.5,-17.5,1,1,Moved Up
4,Illinois Fighting Illini@Ohio State Buckeyes,Illinois Fighting Illini,2026-09-20,2026-09-26,6,27.5,26.5,-1,1,Moved Down
4,Illinois Fighting Illini@Ohio State Buckeyes,Ohio State Buckeyes,2026-09-20,2026-09-26,6,-27.5,-26.5,1,1,Moved Up
4,Iowa Hawkeyes@Michigan Wolverines,Iowa Hawkeyes,2026-09-20,2026-09-26,6,4.5,5.5,1,1,Moved Up
4,Iowa Hawkeyes@Michigan Wolverines,Michigan Wolverines,2026-09-20,2026-09-26,6,-4.5,-5.5,-1,1,Moved Down
4,James Madison Dukes@Old Dominion Monarchs,James Madison Dukes,2026-09-20,2026-09-26,6,-5,-6,-1,1,Moved Down
4,James Madison Dukes@Old Dominion Monarchs,Old Dominion Monarchs,2026-09-20,2026-09-26,6,5,6,1,1,Moved Up
4,Missouri State Bears@SMU Mustangs,Missouri State Bears,2026-09-20,2026-09-26,6,34.5,33.5,-1,1,Moved Down
4,Missouri State Bears@SMU Mustangs,SMU Mustangs,2026-09-20,2026-09-26,6,-34.5,-33.5,1,1,Moved Up
4,Northern Illinois Huskies@Georgia State Panthers,Georgia State Panthers,2026-09-20,2026-09-26,6,-9.5,-10.5,-1,1,Moved Down
4,Northern Illinois Huskies@Georgia State Panthers,Northern Illinois Huskies,2026-09-20,2026-09-26,6,9.5,10.5,1,1,Moved Up
4,Oregon Ducks@USC Trojans,Oregon Ducks,2026-09-20,2026-09-26,6,-2.5,-3.5,-1,1,Moved Down
4,Oregon Ducks@USC Trojans,USC Trojans,2026-09-20,2026-09-26,6,2.5,3.5,1,1,Moved Up
4,Southern Mississippi Golden Eagles@Tulane Green Wave,Southern Mississippi Golden Eagles,2026-09-20,2026-09-26,6,19,18,-1,1,Moved Down
4,Southern Mississippi Golden Eagles@Tulane Green Wave,Tulane Green Wave,2026-09-20,2026-09-26,6,-19,-18,1,1,Moved Up
4,UConn Huskies@Miami (OH) RedHawks,Miami (OH) RedHawks,2026-09-20,2026-09-26,6,-4.5,-3.5,1,1,Moved Up
4,UConn Huskies@Miami (OH) RedHawks,UConn Huskies,2026-09-20,2026-09-26,6,4.5,3.5,-1,1,Moved Down
4,UMass Minutemen@Sacramento State,Sacramento State,2026-09-20,2026-09-26,6,5.5,4.5,-1,1,Moved Down
4,UMass Minutemen@Sacramento State,UMass Minutemen,2026-09-20,2026-09-26,6,-5.5,-4.5,1,1,Moved Up
4,UNLV Rebels@Akron Zips,Akron Zips,2026-09-20,2026-09-26,6,14,13,-1,1,Moved Down
4,UNLV Rebels@Akron Zips,UNLV Rebels,2026-09-20,2026-09-26,6,-14,-13,1,1,Moved Up
4,App State Mountaineers@NC State Wolfpack,App State Mountaineers,2026-09-20,2026-09-26,6,13.5,14,0.5,0.5,Moved Up
4,App State Mountaineers@NC State Wolfpack,NC State Wolfpack,2026-09-20,2026-09-26,6,-13.5,-14,-0.5,0.5,Moved Down
4,Ball State Cardinals@Kent State Golden Flashes,Ball State Cardinals,2026-09-20,2026-09-26,6,3.5,3,-0.5,0.5,Moved Down
4,Ball State Cardinals@Kent State Golden Flashes,Kent State Golden Flashes,2026-09-20,2026-09-26,6,-3.5,-3,0.5,0.5,Moved Up
4,Boise State Broncos@Western Michigan Broncos,Boise State Broncos,2026-09-20,2026-09-26,6,-7.5,-7,0.5,0.5,Moved Up
4,Boise State Broncos@Western Michigan Broncos,Western Michigan Broncos,2026-09-20,2026-09-26,6,7.5,7,-0.5,0.5,Moved Down
4,Delaware Blue Hens@Virginia Cavaliers,Delaware Blue Hens,2026-09-20,2026-09-26,6,20,19.5,-0.5,0.5,Moved Down
4,Delaware Blue Hens@Virginia Cavaliers,Virginia Cavaliers,2026-09-20,2026-09-26,6,-20,-19.5,0.5,0.5,Moved Up
4,Liberty Flames@Coastal Carolina Chanticleers,Coastal Carolina Chanticleers,2026-09-20,2026-09-24,4,2,2.5,0.5,0.5,Moved Up
4,Liberty Flames@Coastal Carolina Chanticleers,Liberty Flames,2026-09-20,2026-09-24,4,-2,-2.5,-0.5,0.5,Moved Down
4,Missouri Tigers@Mississippi State Bulldogs,Mississippi State Bulldogs,2026-09-20,2026-09-26,6,-5.5,-6,-0.5,0.5,Moved Down
4,Missouri Tigers@Mississippi State Bulldogs,Missouri Tigers,2026-09-20,2026-09-26,6,5.5,6,0.5,0.5,Moved Up
4,Oklahoma Sooners@Georgia Bulldogs,Georgia Bulldogs,2026-09-20,2026-09-26,6,-14,-13.5,0.5,0.5,Moved Up
4,Oklahoma Sooners@Georgia Bulldogs,Oklahoma Sooners,2026-09-20,2026-09-26,6,14,13.5,-0.5,0.5,Moved Down
4,Oklahoma State Cowboys@West Virginia Mountaineers,Oklahoma State Cowboys,2026-09-20,2026-09-26,6,1.5,2,0.5,0.5,Moved Up
4,Oklahoma State Cowboys@West Virginia Mountaineers,West Virginia Mountaineers,2026-09-20,2026-09-26,6,-1.5,-2,-0.5,0.5,Moved Down
4,Ole Miss Rebels@Florida Gators,Florida Gators,2026-09-20,2026-09-26,6,-3,-3.5,-0.5,0.5,Moved Down
4,Ole Miss Rebels@Florida Gators,Ole Miss Rebels,2026-09-20,2026-09-26,6,3,3.5,0.5,0.5,Moved Up
4,Rice Owls@Fresno State Bulldogs,Fresno State Bulldogs,2026-09-20,2026-09-26,6,-13.5,-13,0.5,0.5,Moved Up
4,Rice Owls@Fresno State Bulldogs,Rice Owls,2026-09-20,2026-09-26,6,13.5,13,-0.5,0.5,Moved Down
4,San Diego State Aztecs@Toledo Rockets,San Diego State Aztecs,2026-09-20,2026-09-26,6,2.5,3,0.5,0.5,Moved Up
4,San Diego State Aztecs@Toledo Rockets,Toledo Rockets,2026-09-20,2026-09-26,6,-2.5,-3,-0.5,0.5,Moved Down
4,South Alabama Jaguars@Kentucky Wildcats,Kentucky Wildcats,2026-09-20,2026-09-26,6,-21,-20.5,0.5,0.5,Moved Up
4,South Alabama Jaguars@Kentucky Wildcats,South Alabama Jaguars,2026-09-20,2026-09-26,6,21,20.5,-0.5,0.5,Moved Down
4,Texas A&M Aggies@LSU Tigers,LSU Tigers,2026-09-20,2026-09-26,6,-8,-8.5,-0.5,0.5,Moved Down
4,Texas A&M Aggies@LSU Tigers,Texas A&M Aggies,2026-09-20,2026-09-26,6,8,8.5,0.5,0.5,Moved Up
4,Texas Longhorns@Tennessee Volunteers,Tennessee Volunteers,2026-09-20,2026-09-26,6,4.5,5,0.5,0.5,Moved Up
4,Texas Longhorns@Tennessee Volunteers,Texas Longhorns,2026-09-20,2026-09-26,6,-4.5,-5,-0.5,0.5,Moved Down
4,Troy Trojans@Utah State Aggies,Troy Trojans,2026-09-20,2026-09-26,6,2.5,3,0.5,0.5,Moved Up
4,Troy Trojans@Utah State Aggies,Utah State Aggies,2026-09-20,2026-09-26,6,-2.5,-3,-0.5,0.5,Moved Down
4,Tulsa Golden Hurricane@Arkansas Razorbacks,Arkansas Razorbacks,2026-09-20,2026-09-26,6,-7.5,-7,0.5,0.5,Moved Up
4,Tulsa Golden Hurricane@Arkansas Razorbacks,Tulsa Golden Hurricane,2026-09-20,2026-09-26,6,7.5,7,-0.5,0.5,Moved Down
4,UCLA Bruins@Maryland Terrapins,Maryland Terrapins,2026-09-20,2026-09-26,6,2,1.5,-0.5,0.5,Moved Down
4,UCLA Bruins@Maryland Terrapins,UCLA Bruins,2026-09-20,2026-09-26,6,-2,-1.5,0.5,0.5,Moved Up
4,Virginia Tech Hokies@Boston College Eagles,Boston College Eagles,2026-09-20,2026-09-26,6,14.5,14,-0.5,0.5,Moved Down
4,Virginia Tech Hokies@Boston College Eagles,Virginia Tech Hokies,2026-09-20,2026-09-26,6,-14.5,-14,0.5,0.5,Moved Up
4,Wake Forest Demon Deacons@Louisville Cardinals,Louisville Cardinals,2026-09-20,2026-09-26,6,-13.5,-13,0.5,0.5,Moved Up
4,Wake Forest Demon Deacons@Louisville Cardinals,Wake Forest Demon Deacons,2026-09-20,2026-09-26,6,13.5,13,-0.5,0.5,Moved Down
4,Wisconsin Badgers@Penn State Nittany Lions,Penn State Nittany Lions,2026-09-20,2026-09-26,6,-9.5,-10,-0.5,0.5,Moved Down
4,Wisconsin Badgers@Penn State Nittany Lions,Wisconsin Badgers,2026-09-20,2026-09-26,6,9.5,10,0.5,0.5,Moved Up
4,Army Black Knights@Temple Owls,Army Black Knights,2026-09-20,2026-09-25,5,-3,-3,0,0,No Change
4,Army Black Knights@Temple Owls,Temple Owls,2026-09-20,2026-09-25,5,3,3,0,0,No Change
4,Central Michigan Chippewas@Miami Hurricanes,Central Michigan Chippewas,2026-09-20,2026-09-26,6,41.5,41.5,0,0,No Change
4,Central Michigan Chippewas@Miami Hurricanes,Miami Hurricanes,2026-09-20,2026-09-26,6,-41.5,-41.5,0,0,No Change
4,Colorado Buffaloes@Baylor Bears,Baylor Bears,2026-09-20,2026-09-26,6,-9.5,-9.5,0,0,No Change
4,Colorado Buffaloes@Baylor Bears,Colorado Buffaloes,2026-09-20,2026-09-26,6,9.5,9.5,0,0,No Change
4,Kansas State Wildcats@Cincinnati Bearcats,Cincinnati Bearcats,2026-09-20,2026-09-26,6,6.5,6.5,0,0,No Change
4,Kansas State Wildcats@Cincinnati Bearcats,Kansas State Wildcats,2026-09-20,2026-09-26,6,-6.5,-6.5,0,0,No Change
4,Notre Dame Fighting Irish@Purdue Boilermakers,Notre Dame Fighting Irish,2026-09-20,2026-09-26,6,-27.5,-27.5,0,0,No Change
4,Notre Dame Fighting Irish@Purdue Boilermakers,Purdue Boilermakers,2026-09-20,2026-09-26,6,27.5,27.5,0,0,No Change
4,South Carolina Gamecocks@Alabama Crimson Tide,Alabama Crimson Tide,2026-09-20,2026-09-26,6,-12.5,-12.5,0,0,No Change
4,South Carolina Gamecocks@Alabama Crimson Tide,South Carolina Gamecocks,2026-09-20,2026-09-26,6,12.5,12.5,0,0,No Change
4,South Florida Bulls@Bowling Green Falcons,Bowling Green Falcons,2026-09-20,2026-09-26,6,17.5,17.5,0,0,No Change
4,South Florida Bulls@Bowling Green Falcons,South Florida Bulls,2026-09-20,2026-09-26,6,-17.5,-17.5,0,0,No Change
4,TCU Horned Frogs@UCF Knights,TCU Horned Frogs,2026-09-20,2026-09-26,6,-3,-3,0,0,No Change
4,TCU Horned Frogs@UCF Knights,UCF Knights,2026-09-20,2026-09-26,6,3,3,0,0,No Change
4,Vanderbilt Commodores@Auburn Tigers,Auburn Tigers,2026-09-20,2026-09-26,6,-9.5,-9.5,0,0,No Change
4,Vanderbilt Commodores@Auburn Tigers,Vanderbilt Commodores,2026-09-20,2026-09-26,6,9.5,9.5,0,0,No Change
5,North Texas Mean Green@Tulsa Golden Hurricane,North Texas Mean Green,2026-09-28,2026-10-02,4,2,-7.5,-9.5,9.5,Moved Down
5,North Texas Mean Green@Tulsa Golden Hurricane,Tulsa Golden Hurricane,2026-09-28,2026-10-02,4,-2,7.5,9.5,9.5,Moved Up
5,Texas State Bobcats@San Diego State Aztecs,San Diego State Aztecs,2026-09-28,2026-10-03,5,3.5,9.5,6,6,Moved Up
5,Texas State Bobcats@San Diego State Aztecs,Texas State Bobcats,2026-09-28,2026-10-03,5,-3.5,-9.5,-6,6,Moved Down
5,Old Dominion Monarchs@Georgia State Panthers,Georgia State Panthers,2026-09-28,2026-10-03,5,1.5,-2.5,-4,4,Moved Down
5,Old Dominion Monarchs@Georgia State Panthers,Old Dominion Monarchs,2026-09-28,2026-10-03,5,-1.5,2.5,4,4,Moved Up
5,Fresno State Bulldogs@Washington State Cougars,Fresno State Bulldogs,2026-09-28,2026-10-03,5,-1.5,2,3.5,3.5,Moved Up
5,Fresno State Bulldogs@Washington State Cougars,Washington State Cougars,2026-09-28,2026-10-03,5,1.5,-2,-3.5,3.5,Moved Down
5,Army Black Knights@Louisiana Tech Bulldogs,Army Black Knights,2026-09-28,2026-10-03,5,-3.5,-1.5,2,2,Moved Up
5,Army Black Knights@Louisiana Tech Bulldogs,Louisiana Tech Bulldogs,2026-09-28,2026-10-03,5,3.5,1.5,-2,2,Moved Down
5,Bowling Green Falcons@Miami (OH) RedHawks,Bowling Green Falcons,2026-09-28,2026-10-03,5,14.5,12.5,-2,2,Moved Down
5,Bowling Green Falcons@Miami (OH) RedHawks,Miami (OH) RedHawks,2026-09-28,2026-10-03,5,-14.5,-12.5,2,2,Moved Up
5,Louisville Cardinals@NC State Wolfpack,Louisville Cardinals,2026-09-28,2026-10-03,5,-5.5,-3.5,2,2,Moved Up
5,Louisville Cardinals@NC State Wolfpack,NC State Wolfpack,2026-09-28,2026-10-03,5,5.5,3.5,-2,2,Moved Down
5,Oregon State Beavers@Colorado State Rams,Colorado State Rams,2026-09-28,2026-10-03,5,4.5,6.5,2,2,Moved Up
5,Oregon State Beavers@Colorado State Rams,Oregon State Beavers,2026-09-28,2026-10-03,5,-4.5,-6.5,-2,2,Moved Down
5,UTSA Roadrunners@Rice Owls,Rice Owls,2026-09-28,2026-10-03,5,10.5,12.5,2,2,Moved Up
5,UTSA Roadrunners@Rice Owls,UTSA Roadrunners,2026-09-28,2026-10-03,5,-10.5,-12.5,-2,2,Moved Down
5,Utah State Aggies@Boise State Broncos,Boise State Broncos,2026-09-28,2026-10-03,5,-20.5,-18.5,2,2,Moved Up
5,Utah State Aggies@Boise State Broncos,Utah State Aggies,2026-09-28,2026-10-03,5,20.5,18.5,-2,2,Moved Down
5,Miami Hurricanes@Clemson Tigers,Clemson Tigers,2026-09-28,2026-10-03,5,17,15.5,-1.5,1.5,Moved Down
5,Miami Hurricanes@Clemson Tigers,Miami Hurricanes,2026-09-28,2026-10-03,5,-17,-15.5,1.5,1.5,Moved Up
5,Toledo Rockets@Ball State Cardinals,Ball State Cardinals,2026-09-28,2026-10-03,5,19.5,21,1.5,1.5,Moved Up
5,Toledo Rockets@Ball State Cardinals,Toledo Rockets,2026-09-28,2026-10-03,5,-19.5,-21,-1.5,1.5,Moved Down
5,Virginia Cavaliers@Florida State Seminoles,Florida State Seminoles,2026-09-28,2026-10-03,5,3,1.5,-1.5,1.5,Moved Down
5,Virginia Cavaliers@Florida State Seminoles,Virginia Cavaliers,2026-09-28,2026-10-03,5,-3,-1.5,1.5,1.5,Moved Up
5,Western Michigan Broncos@Buffalo Bulls,Buffalo Bulls,2026-09-28,2026-10-03,5,14,12.5,-1.5,1.5,Moved Down
5,Western Michigan Broncos@Buffalo Bulls,Western Michigan Broncos,2026-09-28,2026-10-03,5,-14,-12.5,1.5,1.5,Moved Up
5,Wyoming Cowboys@North Dakota State,North Dakota State,2026-09-28,2026-10-03,5,-18.5,-17,1.5,1.5,Moved Up
5,Wyoming Cowboys@North Dakota State,Wyoming Cowboys,2026-09-28,2026-10-03,5,18.5,17,-1.5,1.5,Moved Down
5,Eastern Michigan Eagles@UMass Minutemen,Eastern Michigan Eagles,2026-09-28,2026-10-03,5,4.5,5.5,1,1,Moved Up
5,Eastern Michigan Eagles@UMass Minutemen,UMass Minutemen,2026-09-28,2026-10-03,5,-4.5,-5.5,-1,1,Moved Down
5,Florida Gators@Missouri Tigers,Florida Gators,2026-09-28,2026-10-03,5,-4.5,-5.5,-1,1,Moved Down
5,Florida Gators@Missouri Tigers,Missouri Tigers,2026-09-28,2026-10-03,5,4.5,5.5,1,1,Moved Up
5,Indiana Hoosiers@Rutgers Scarlet Knights,Indiana Hoosiers,2026-09-28,2026-10-03,5,-23.5,-24.5,-1,1,Moved Down
5,Indiana Hoosiers@Rutgers Scarlet Knights,Rutgers Scarlet Knights,2026-09-28,2026-10-03,5,23.5,24.5,1,1,Moved Up
5,Michigan Wolverines@Minnesota Golden Gophers,Michigan Wolverines,2026-09-28,2026-10-03,5,-5.5,-6.5,-1,1,Moved Down
5,Michigan Wolverines@Minnesota Golden Gophers,Minnesota Golden Gophers,2026-09-28,2026-10-03,5,5.5,6.5,1,1,Moved Up
5,Middle Tennessee Blue Raiders@Kansas Jayhawks,Kansas Jayhawks,2026-09-28,2026-10-03,5,-19.5,-20.5,-1,1,Moved Down
5,Middle Tennessee Blue Raiders@Kansas Jayhawks,Middle Tennessee Blue Raiders,2026-09-28,2026-10-03,5,19.5,20.5,1,1,Moved Up
5,Ohio State Buckeyes@Iowa Hawkeyes,Iowa Hawkeyes,2026-09-28,2026-10-03,5,13.5,14.5,1,1,Moved Up
5,Ohio State Buckeyes@Iowa Hawkeyes,Ohio State Buckeyes,2026-09-28,2026-10-03,5,-13.5,-14.5,-1,1,Moved Down
5,Pittsburgh Panthers@Virginia Tech Hokies,Pittsburgh Panthers,2026-09-28,2026-10-02,4,3.5,2.5,-1,1,Moved Down
5,Pittsburgh Panthers@Virginia Tech Hokies,Virginia Tech Hokies,2026-09-28,2026-10-02,4,-3.5,-2.5,1,1,Moved Up
5,Stanford Cardinal@Wake Forest Demon Deacons,Stanford Cardinal,2026-09-28,2026-10-03,5,13,14,1,1,Moved Up
5,Stanford Cardinal@Wake Forest Demon Deacons,Wake Forest Demon Deacons,2026-09-28,2026-10-03,5,-13,-14,-1,1,Moved Down
5,Syracuse Orange@UConn Huskies,Syracuse Orange,2026-09-28,2026-10-03,5,-5.5,-6.5,-1,1,Moved Down
5,Syracuse Orange@UConn Huskies,UConn Huskies,2026-09-28,2026-10-03,5,5.5,6.5,1,1,Moved Up
5,Vanderbilt Commodores@Georgia Bulldogs,Georgia Bulldogs,2026-09-28,2026-10-03,5,-24.5,-25.5,-1,1,Moved Down
5,Vanderbilt Commodores@Georgia Bulldogs,Vanderbilt Commodores,2026-09-28,2026-10-03,5,24.5,25.5,1,1,Moved Up
5,Akron Zips@Central Michigan Chippewas,Akron Zips,2026-09-28,2026-10-03,5,6,6.5,0.5,0.5,Moved Up
5,Akron Zips@Central Michigan Chippewas,Central Michigan Chippewas,2026-09-28,2026-10-03,5,-6,-6.5,-0.5,0.5,Moved Down
5,Alabama Crimson Tide@Mississippi State Bulldogs,Alabama Crimson Tide,2026-09-28,2026-10-03,5,-6,-5.5,0.5,0.5,Moved Up
5,Alabama Crimson Tide@Mississippi State Bulldogs,Mississippi State Bulldogs,2026-09-28,2026-10-03,5,6,5.5,-0.5,0.5,Moved Down
5,Arkansas Razorbacks@Texas A&M Aggies,Arkansas Razorbacks,2026-09-28,2026-10-03,5,14,13.5,-0.5,0.5,Moved Down
5,Arkansas Razorbacks@Texas A&M Aggies,Texas A&M Aggies,2026-09-28,2026-10-03,5,-14,-13.5,0.5,0.5,Moved Up
5,Auburn Tigers@Tennessee Volunteers,Auburn Tigers,2026-09-28,2026-10-03,5,7,6.5,-0.5,0.5,Moved Down
5,Auburn Tigers@Tennessee Volunteers,Tennessee Volunteers,2026-09-28,2026-10-03,5,-7,-6.5,0.5,0.5,Moved Up
5,BYU Cougars@TCU Horned Frogs,BYU Cougars,2026-09-28,2026-10-03,5,-6.5,-6,0.5,0.5,Moved Up
5,BYU Cougars@TCU Horned Frogs,TCU Horned Frogs,2026-09-28,2026-10-03,5,6.5,6,-0.5,0.5,Moved Down
5,Boston College Eagles@SMU Mustangs,Boston College Eagles,2026-09-28,2026-10-03,5,20.5,21,0.5,0.5,Moved Up
5,Boston College Eagles@SMU Mustangs,SMU Mustangs,2026-09-28,2026-10-03,5,-20.5,-21,-0.5,0.5,Moved Down
5,Cincinnati Bearcats@Arizona Wildcats,Arizona Wildcats,2026-09-28,2026-10-03,5,-7.5,-7,0.5,0.5,Moved Up
5,Cincinnati Bearcats@Arizona Wildcats,Cincinnati Bearcats,2026-09-28,2026-10-03,5,7.5,7,-0.5,0.5,Moved Down
5,Georgia Southern Eagles@Coastal Carolina Chanticleers,Coastal Carolina Chanticleers,2026-09-28,2026-10-03,5,2.5,2,-0.5,0.5,Moved Down
5,Georgia Southern Eagles@Coastal Carolina Chanticleers,Georgia Southern Eagles,2026-09-28,2026-10-03,5,-2.5,-2,0.5,0.5,Moved Up
5,Kentucky Wildcats@South Carolina Gamecocks,Kentucky Wildcats,2026-09-28,2026-10-03,5,3,2.5,-0.5,0.5,Moved Down
5,Kentucky Wildcats@South Carolina Gamecocks,South Carolina Gamecocks,2026-09-28,2026-10-03,5,-3,-2.5,0.5,0.5,Moved Up
5,Liberty Flames@Delaware Blue Hens,Delaware Blue Hens,2026-09-28,2026-10-02,4,7,6.5,-0.5,0.5,Moved Down
5,Liberty Flames@Delaware Blue Hens,Liberty Flames,2026-09-28,2026-10-02,4,-7,-6.5,0.5,0.5,Moved Up
5,Michigan State Spartans@Wisconsin Badgers,Michigan State Spartans,2026-09-28,2026-10-03,5,10,9.5,-0.5,0.5,Moved Down
5,Michigan State Spartans@Wisconsin Badgers,Wisconsin Badgers,2026-09-28,2026-10-03,5,-10,-9.5,0.5,0.5,Moved Up
5,Navy Midshipmen@Air Force Falcons,Air Force Falcons,2026-09-28,2026-10-03,5,-2.5,-3,-0.5,0.5,Moved Down
5,Navy Midshipmen@Air Force Falcons,Navy Midshipmen,2026-09-28,2026-10-03,5,2.5,3,0.5,0.5,Moved Up
5,Notre Dame Fighting Irish@North Carolina Tar Heels,North Carolina Tar Heels,2026-09-28,2026-10-03,5,21.5,21,-0.5,0.5,Moved Down
5,Notre Dame Fighting Irish@North Carolina Tar Heels,Notre Dame Fighting Irish,2026-09-28,2026-10-03,5,-21.5,-21,0.5,0.5,Moved Up
5,Ohio Bobcats@Kent State Golden Flashes,Kent State Golden Flashes,2026-09-28,2026-10-03,5,4,3.5,-0.5,0.5,Moved Down
5,Ohio Bobcats@Kent State Golden Flashes,Ohio Bobcats,2026-09-28,2026-10-03,5,-4,-3.5,0.5,0.5,Moved Up
5,Purdue Boilermakers@Illinois Fighting Illini,Illinois Fighting Illini,2026-09-28,2026-10-03,5,-10,-10.5,-0.5,0.5,Moved Down
5,Purdue Boilermakers@Illinois Fighting Illini,Purdue Boilermakers,2026-09-28,2026-10-03,5,10,10.5,0.5,0.5,Moved Up
5,Temple Owls@South Florida Bulls,South Florida Bulls,2026-09-28,2026-10-03,5,-5.5,-6,-0.5,0.5,Moved Down
5,Temple Owls@South Florida Bulls,Temple Owls,2026-09-28,2026-10-03,5,5.5,6,0.5,0.5,Moved Up
5,UCF Knights@Houston Cougars,Houston Cougars,2026-09-28,2026-10-03,5,-11.5,-11,0.5,0.5,Moved Up
5,UCF Knights@Houston Cougars,UCF Knights,2026-09-28,2026-10-03,5,11.5,11,-0.5,0.5,Moved Down
5,UTEP Miners@New Mexico Lobos,New Mexico Lobos,2026-09-28,2026-10-03,5,-22.5,-23,-0.5,0.5,Moved Down
5,UTEP Miners@New Mexico Lobos,UTEP Miners,2026-09-28,2026-10-03,5,22.5,23,0.5,0.5,Moved Up
5,West Virginia Mountaineers@Iowa State Cyclones,Iowa State Cyclones,2026-09-28,2026-10-03,5,-2.5,-3,-0.5,0.5,Moved Down
5,West Virginia Mountaineers@Iowa State Cyclones,West Virginia Mountaineers,2026-09-28,2026-10-03,5,2.5,3,0.5,0.5,Moved Up
5,Arkansas State Red Wolves@Louisiana Ragin Cajuns,Arkansas State Red Wolves,2026-09-28,2026-10-03,5,6.5,6.5,0,0,No Change
5,Arkansas State Red Wolves@Louisiana Ragin Cajuns,Louisiana Ragin Cajuns,2026-09-28,2026-10-03,5,-6.5,-6.5,0,0,No Change
5,Baylor Bears@Arizona State Sun Devils,Arizona State Sun Devils,2026-09-28,2026-10-03,5,-3.5,-3.5,0,0,No Change
5,Baylor Bears@Arizona State Sun Devils,Baylor Bears,2026-09-28,2026-10-03,5,3.5,3.5,0,0,No Change
5,California Golden Bears@UNLV Rebels,California Golden Bears,2026-09-28,2026-10-03,5,2.5,2.5,0,0,No Change
5,California Golden Bears@UNLV Rebels,UNLV Rebels,2026-09-28,2026-10-03,5,-2.5,-2.5,0,0,No Change
5,Marshall Thundering Herd@James Madison Dukes,James Madison Dukes,2026-09-28,2026-10-03,5,-18,-18,0,0,No Change
5,Marshall Thundering Herd@James Madison Dukes,Marshall Thundering Herd,2026-09-28,2026-10-03,5,18,18,0,0,No Change
5,Maryland Terrapins@Nebraska Cornhuskers,Maryland Terrapins,2026-09-28,2026-10-03,5,14.5,14.5,0,0,No Change
5,Maryland Terrapins@Nebraska Cornhuskers,Nebraska Cornhuskers,2026-09-28,2026-10-03,5,-14.5,-14.5,0,0,No Change
5,Memphis Tigers@Charlotte 49ers,Charlotte 49ers,2026-09-28,2026-10-03,5,20.5,20.5,0,0,No Change
5,Memphis Tigers@Charlotte 49ers,Memphis Tigers,2026-09-28,2026-10-03,5,-20.5,-20.5,0,0,No Change
5,San Jose State Spartans@Hawaii Rainbow Warriors,Hawaii Rainbow Warriors,2026-09-28,2026-10-03,5,-3,-3,0,0,No Change
5,San Jose State Spartans@Hawaii Rainbow Warriors,San Jose State Spartans,2026-09-28,2026-10-03,5,3,3,0,0,No Change
5,Texas Tech Red Raiders@Colorado Buffaloes,Colorado Buffaloes,2026-09-28,2026-10-03,5,13.5,13.5,0,0,No Change
5,Texas Tech Red Raiders@Colorado Buffaloes,Texas Tech Red Raiders,2026-09-28,2026-10-03,5,-13.5,-13.5,0,0,No Change
5,UL Monroe Warhawks@South Alabama Jaguars,South Alabama Jaguars,2026-09-28,2026-10-03,5,-14,-14,0,0,No Change
5,UL Monroe Warhawks@South Alabama Jaguars,UL Monroe Warhawks,2026-09-28,2026-10-03,5,14,14,0,0,No Change
5,Washington Huskies@USC Trojans,USC Trojans,2026-09-28,2026-10-03,5,-9.5,-9.5,0,0,No Change
5,Washington Huskies@USC Trojans,Washington Huskies,2026-09-28,2026-10-03,5,9.5,9.5,0,0,No Change
5,Western Kentucky Hilltoppers@New Mexico State Aggies,New Mexico State Aggies,2026-09-28,2026-10-01,3,-2.5,-2.5,0,0,No Change
5,Western Kentucky Hilltoppers@New Mexico State Aggies,Western Kentucky Hilltoppers,2026-09-28,2026-10-01,3,2.5,2.5,0,0,No Change
6,Air Force Falcons@Northern Illinois Huskies,Air Force Falcons,2026-10-04,2026-10-06,2,-11.5,-7.5,4,4,Moved Up
6,Air Force Falcons@Northern Illinois Huskies,Northern Illinois Huskies,2026-10-04,2026-10-06,2,11.5,7.5,-4,4,Moved Down
6,USC Trojans@Penn State Nittany Lions,Penn State Nittany Lions,2026-10-04,2026-10-06,2,1.5,-1.5,-3,3,Moved Down
6,USC Trojans@Penn State Nittany Lions,USC Trojans,2026-10-04,2026-10-06,2,-1.5,1.5,3,3,Moved Up
6,Florida State Seminoles@Louisville Cardinals,Florida State Seminoles,2026-10-04,2026-10-06,2,5.5,3.5,-2,2,Moved Down
6,Florida State Seminoles@Louisville Cardinals,Louisville Cardinals,2026-10-04,2026-10-06,2,-5.5,-3.5,2,2,Moved Up
6,Washington State Cougars@Utah State Aggies,Utah State Aggies,2026-10-04,2026-10-06,2,-3.5,-5.5,-2,2,Moved Down
6,Washington State Cougars@Utah State Aggies,Washington State Cougars,2026-10-04,2026-10-06,2,3.5,5.5,2,2,Moved Up
6,Arizona Wildcats@West Virginia Mountaineers,Arizona Wildcats,2026-10-04,2026-10-06,2,-2.5,-3.5,-1,1,Moved Down
6,Arizona Wildcats@West Virginia Mountaineers,West Virginia Mountaineers,2026-10-04,2026-10-06,2,2.5,3.5,1,1,Moved Up
6,Hawaii Rainbow Warriors@Arizona State Sun Devils,Arizona State Sun Devils,2026-10-04,2026-10-06,2,-21.5,-20.5,1,1,Moved Up
6,Hawaii Rainbow Warriors@Arizona State Sun Devils,Hawaii Rainbow Warriors,2026-10-04,2026-10-06,2,21.5,20.5,-1,1,Moved Down
6,Illinois Fighting Illini@Michigan State Spartans,Illinois Fighting Illini,2026-10-04,2026-10-06,2,-3.5,-2.5,1,1,Moved Up
6,Illinois Fighting Illini@Michigan State Spartans,Michigan State Spartans,2026-10-04,2026-10-06,2,3.5,2.5,-1,1,Moved Down
6,Indiana Hoosiers@Nebraska Cornhuskers,Indiana Hoosiers,2026-10-04,2026-10-06,2,-8.5,-7.5,1,1,Moved Up
6,Indiana Hoosiers@Nebraska Cornhuskers,Nebraska Cornhuskers,2026-10-04,2026-10-06,2,8.5,7.5,-1,1,Moved Down
6,James Madison Dukes@Georgia Southern Eagles,Georgia Southern Eagles,2026-10-04,2026-10-06,2,8.5,7.5,-1,1,Moved Down
6,James Madison Dukes@Georgia Southern Eagles,James Madison Dukes,2026-10-04,2026-10-06,2,-8.5,-7.5,1,1,Moved Up
6,New Mexico State Aggies@Florida International Panthers,Florida International Panthers,2026-10-04,2026-10-06,2,-5.5,-6.5,-1,1,Moved Down
6,New Mexico State Aggies@Florida International Panthers,New Mexico State Aggies,2026-10-04,2026-10-06,2,5.5,6.5,1,1,Moved Up
6,South Carolina Gamecocks@Florida Gators,Florida Gators,2026-10-04,2026-10-06,2,-14,-13,1,1,Moved Up
6,South Carolina Gamecocks@Florida Gators,South Carolina Gamecocks,2026-10-04,2026-10-06,2,14,13,-1,1,Moved Down
6,Texas A&M Aggies@Missouri Tigers,Missouri Tigers,2026-10-04,2026-10-06,2,-4.5,-3.5,1,1,Moved Up
6,Texas A&M Aggies@Missouri Tigers,Texas A&M Aggies,2026-10-04,2026-10-06,2,4.5,3.5,-1,1,Moved Down
6,Texas Longhorns@Oklahoma Sooners,Oklahoma Sooners,2026-10-04,2026-10-06,2,7.5,8.5,1,1,Moved Up
6,Texas Longhorns@Oklahoma Sooners,Texas Longhorns,2026-10-04,2026-10-06,2,-7.5,-8.5,-1,1,Moved Down
6,Ball State Cardinals@Northwestern Wildcats,Ball State Cardinals,2026-10-04,2026-10-06,2,35.5,36,0.5,0.5,Moved Up
6,Ball State Cardinals@Northwestern Wildcats,Northwestern Wildcats,2026-10-04,2026-10-06,2,-35.5,-36,-0.5,0.5,Moved Down
6,Buffalo Bulls@Toledo Rockets,Buffalo Bulls,2026-10-04,2026-10-06,2,19.5,20,0.5,0.5,Moved Up
6,Buffalo Bulls@Toledo Rockets,Toledo Rockets,2026-10-04,2026-10-06,2,-19.5,-20,-0.5,0.5,Moved Down
6,Central Michigan Chippewas@Ohio Bobcats,Central Michigan Chippewas,2026-10-04,2026-10-06,2,3.5,3,-0.5,0.5,Moved Down
6,Central Michigan Chippewas@Ohio Bobcats,Ohio Bobcats,2026-10-04,2026-10-06,2,-3.5,-3,0.5,0.5,Moved Up
6,Charlotte 49ers@North Texas Mean Green,Charlotte 49ers,2026-10-04,2026-10-06,2,27.5,28,0.5,0.5,Moved Up
6,Charlotte 49ers@North Texas Mean Green,North Texas Mean Green,2026-10-04,2026-10-06,2,-27.5,-28,-0.5,0.5,Moved Down
6,Eastern Michigan Eagles@Akron Zips,Akron Zips,2026-10-04,2026-10-06,2,6.5,7,0.5,0.5,Moved Up
6,Eastern Michigan Eagles@Akron Zips,Eastern Michigan Eagles,2026-10-04,2026-10-06,2,-6.5,-7,-0.5,0.5,Moved Down
6,Iowa Hawkeyes@Washington Huskies,Iowa Hawkeyes,2026-10-04,2026-10-06,2,2.5,3,0.5,0.5,Moved Up
6,Iowa Hawkeyes@Washington Huskies,Washington Huskies,2026-10-04,2026-10-06,2,-2.5,-3,-0.5,0.5,Moved Down
6,Kansas Jayhawks@Utah Utes,Kansas Jayhawks,2026-10-04,2026-10-06,2,15,15.5,0.5,0.5,Moved Up
6,Kansas Jayhawks@Utah Utes,Utah Utes,2026-10-04,2026-10-06,2,-15,-15.5,-0.5,0.5,Moved Down
6,LSU Tigers@Kentucky Wildcats,Kentucky Wildcats,2026-10-04,2026-10-06,2,9.5,9,-0.5,0.5,Moved Down
6,LSU Tigers@Kentucky Wildcats,LSU Tigers,2026-10-04,2026-10-06,2,-9.5,-9,0.5,0.5,Moved Up
6,Louisiana Ragin Cajuns@Louisiana Tech Bulldogs,Louisiana Ragin Cajuns,2026-10-04,2026-10-06,2,2.5,3,0.5,0.5,Moved Up
6,Louisiana Ragin Cajuns@Louisiana Tech Bulldogs,Louisiana Tech Bulldogs,2026-10-04,2026-10-06,2,-2.5,-3,-0.5,0.5,Moved Down
6,Maryland Terrapins@Ohio State Buckeyes,Maryland Terrapins,2026-10-04,2026-10-06,2,35,34.5,-0.5,0.5,Moved Down
6,Maryland Terrapins@Ohio State Buckeyes,Ohio State Buckeyes,2026-10-04,2026-10-06,2,-35,-34.5,0.5,0.5,Moved Up
6,Nevada Wolf Pack@UTEP Miners,Nevada Wolf Pack,2026-10-04,2026-10-06,2,-9,-8.5,0.5,0.5,Moved Up
6,Nevada Wolf Pack@UTEP Miners,UTEP Miners,2026-10-04,2026-10-06,2,9,8.5,-0.5,0.5,Moved Down
6,Rice Owls@East Carolina Pirates,East Carolina Pirates,2026-10-04,2026-10-06,2,-9.5,-10,-0.5,0.5,Moved Down
6,Rice Owls@East Carolina Pirates,Rice Owls,2026-10-04,2026-10-06,2,9.5,10,0.5,0.5,Moved Up
6,Sacramento State@Bowling Green Falcons,Bowling Green Falcons,2026-10-04,2026-10-06,2,-7,-7.5,-0.5,0.5,Moved Down
6,Sacramento State@Bowling Green Falcons,Sacramento State,2026-10-04,2026-10-06,2,7,7.5,0.5,0.5,Moved Up
6,San Diego State Aztecs@Oregon State Beavers,Oregon State Beavers,2026-10-04,2026-10-06,2,-13.5,-14,-0.5,0.5,Moved Down
6,San Diego State Aztecs@Oregon State Beavers,San Diego State Aztecs,2026-10-04,2026-10-06,2,13.5,14,0.5,0.5,Moved Up
6,South Florida Bulls@UTSA Roadrunners,South Florida Bulls,2026-10-04,2026-10-06,2,6.5,7,0.5,0.5,Moved Up
6,South Florida Bulls@UTSA Roadrunners,UTSA Roadrunners,2026-10-04,2026-10-06,2,-6.5,-7,-0.5,0.5,Moved Down
6,Tulane Green Wave@Army Black Knights,Army Black Knights,2026-10-04,2026-10-06,2,-3.5,-3,0.5,0.5,Moved Up
6,Tulane Green Wave@Army Black Knights,Tulane Green Wave,2026-10-04,2026-10-06,2,3.5,3,-0.5,0.5,Moved Down
6,Virginia Tech Hokies@California Golden Bears,California Golden Bears,2026-10-04,2026-10-06,2,9.5,9,-0.5,0.5,Moved Down
6,Virginia Tech Hokies@California Golden Bears,Virginia Tech Hokies,2026-10-04,2026-10-06,2,-9.5,-9,0.5,0.5,Moved Up
6,Boise State Broncos@Fresno State Bulldogs,Boise State Broncos,2026-10-04,2026-10-06,2,-6.5,-6.5,0,0,No Change
6,Boise State Broncos@Fresno State Bulldogs,Fresno State Bulldogs,2026-10-04,2026-10-06,2,6.5,6.5,0,0,No Change
6,Coastal Carolina Chanticleers@Marshall Thundering Herd,Coastal Carolina Chanticleers,2026-10-04,2026-10-06,2,3,3,0,0,No Change
6,Coastal Carolina Chanticleers@Marshall Thundering Herd,Marshall Thundering Herd,2026-10-04,2026-10-06,2,-3,-3,0,0,No Change
6,Duke Blue Devils@Georgia Tech Yellow Jackets,Duke Blue Devils,2026-10-04,2026-10-06,2,-7,-7,0,0,No Change
6,Duke Blue Devils@Georgia Tech Yellow Jackets,Georgia Tech Yellow Jackets,2026-10-04,2026-10-06,2,7,7,0,0,No Change
6,Georgia Bulldogs@Alabama Crimson Tide,Alabama Crimson Tide,2026-10-04,2026-10-06,2,-1.5,-1.5,0,0,No Change
6,Georgia Bulldogs@Alabama Crimson Tide,Georgia Bulldogs,2026-10-04,2026-10-06,2,1.5,1.5,0,0,No Change
6,Houston Cougars@Kansas State Wildcats,Houston Cougars,2026-10-04,2026-10-06,2,2.5,2.5,0,0,No Change
6,Houston Cougars@Kansas State Wildcats,Kansas State Wildcats,2026-10-04,2026-10-06,2,-2.5,-2.5,0,0,No Change
6,Iowa State Cyclones@BYU Cougars,BYU Cougars,2026-10-04,2026-10-06,2,-10.5,-10.5,0,0,No Change
6,Iowa State Cyclones@BYU Cougars,Iowa State Cyclones,2026-10-04,2026-10-06,2,10.5,10.5,0,0,No Change
6,Jacksonville State Gamecocks@Kennesaw State Owls,Jacksonville State Gamecocks,2026-10-04,2026-10-06,2,-3,-3,0,0,No Change
6,Jacksonville State Gamecocks@Kennesaw State Owls,Kennesaw State Owls,2026-10-04,2026-10-06,2,3,3,0,0,No Change
6,Kent State Golden Flashes@Western Michigan Broncos,Kent State Golden Flashes,2026-10-04,2026-10-06,2,13.5,13.5,0,0,No Change
6,Kent State Golden Flashes@Western Michigan Broncos,Western Michigan Broncos,2026-10-04,2026-10-06,2,-13.5,-13.5,0,0,No Change
6,Miami (OH) RedHawks@UMass Minutemen,Miami (OH) RedHawks,2026-10-04,2026-10-06,2,-2.5,-2.5,0,0,No Change
6,Miami (OH) RedHawks@UMass Minutemen,UMass Minutemen,2026-10-04,2026-10-06,2,2.5,2.5,0,0,No Change
6,Minnesota Golden Gophers@Purdue Boilermakers,Minnesota Golden Gophers,2026-10-04,2026-10-06,2,-2.5,-2.5,0,0,No Change
6,Minnesota Golden Gophers@Purdue Boilermakers,Purdue Boilermakers,2026-10-04,2026-10-06,2,2.5,2.5,0,0,No Change
6,Missouri State Bears@Western Kentucky Hilltoppers,Missouri State Bears,2026-10-04,2026-10-06,2,2.5,2.5,0,0,No Change
6,Missouri State Bears@Western Kentucky Hilltoppers,Western Kentucky Hilltoppers,2026-10-04,2026-10-06,2,-2.5,-2.5,0,0,No Change
6,North Carolina Tar Heels@Pittsburgh Panthers,North Carolina Tar Heels,2026-10-04,2026-10-06,2,4,4,0,0,No Change
6,North Carolina Tar Heels@Pittsburgh Panthers,Pittsburgh Panthers,2026-10-04,2026-10-06,2,-4,-4,0,0,No Change
6,North Dakota State@UNLV Rebels,North Dakota State,2026-10-04,2026-10-06,2,-3.5,-3.5,0,0,No Change
6,North Dakota State@UNLV Rebels,UNLV Rebels,2026-10-04,2026-10-06,2,3.5,3.5,0,0,No Change
6,Old Dominion Monarchs@App State Mountaineers,App State Mountaineers,2026-10-04,2026-10-06,2,-9.5,-9.5,0,0,No Change
6,Old Dominion Monarchs@App State Mountaineers,Old Dominion Monarchs,2026-10-04,2026-10-06,2,9.5,9.5,0,0,No Change
6,Ole Miss Rebels@Vanderbilt Commodores,Ole Miss Rebels,2026-10-04,2026-10-06,2,-10,-10,0,0,No Change
6,Ole Miss Rebels@Vanderbilt Commodores,Vanderbilt Commodores,2026-10-04,2026-10-06,2,10,10,0,0,No Change
6,Sam Houston State Bearkats@Liberty Flames,Liberty Flames,2026-10-04,2026-10-06,2,-13.5,-13.5,0,0,No Change
6,Sam Houston State Bearkats@Liberty Flames,Sam Houston State Bearkats,2026-10-04,2026-10-06,2,13.5,13.5,0,0,No Change
6,South Alabama Jaguars@Arkansas State Red Wolves,Arkansas State Red Wolves,2026-10-04,2026-10-06,2,-1,-1,0,0,No Change
6,South Alabama Jaguars@Arkansas State Red Wolves,South Alabama Jaguars,2026-10-04,2026-10-06,2,1,1,0,0,No Change
6,Southern Mississippi Golden Eagles@Troy Trojans,Southern Mississippi Golden Eagles,2026-10-04,2026-10-06,2,10.5,10.5,0,0,No Change
6,Southern Mississippi Golden Eagles@Troy Trojans,Troy Trojans,2026-10-04,2026-10-06,2,-10.5,-10.5,0,0,No Change
6,Stanford Cardinal@Notre Dame Fighting Irish,Notre Dame Fighting Irish,2026-10-04,2026-10-06,2,-37.5,-37.5,0,0,No Change
6,Stanford Cardinal@Notre Dame Fighting Irish,Stanford Cardinal,2026-10-04,2026-10-06,2,37.5,37.5,0,0,No Change
6,Syracuse Orange@Virginia Cavaliers,Syracuse Orange,2026-10-04,2026-10-06,2,9.5,9.5,0,0,No Change
6,Syracuse Orange@Virginia Cavaliers,Virginia Cavaliers,2026-10-04,2026-10-06,2,-9.5,-9.5,0,0,No Change
6,Tennessee Volunteers@Arkansas Razorbacks,Arkansas Razorbacks,2026-10-04,2026-10-06,2,13.5,13.5,0,0,No Change
6,Tennessee Volunteers@Arkansas Razorbacks,Tennessee Volunteers,2026-10-04,2026-10-06,2,-13.5,-13.5,0,0,No Change
6,Tulsa Golden Hurricane@Navy Midshipmen,Navy Midshipmen,2026-10-04,2026-10-06,2,-2.5,-2.5,0,0,No Change
6,Tulsa Golden Hurricane@Navy Midshipmen,Tulsa Golden Hurricane,2026-10-04,2026-10-06,2,2.5,2.5,0,0,No Change
6,UAB Blazers@Memphis Tigers,Memphis Tigers,2026-10-04,2026-10-06,2,-14.5,-14.5,0,0,No Change
6,UAB Blazers@Memphis Tigers,UAB Blazers,2026-10-04,2026-10-06,2,14.5,14.5,0,0,No Change
6,UCF Knights@Oklahoma State Cowboys,Oklahoma State Cowboys,2026-10-04,2026-10-06,2,-9.5,-9.5,0,0,No Change
6,UCF Knights@Oklahoma State Cowboys,UCF Knights,2026-10-04,2026-10-06,2,9.5,9.5,0,0,No Change
6,UCLA Bruins@Oregon Ducks,Oregon Ducks,2026-10-04,2026-10-06,2,-11.5,-11.5,0,0,No Change
6,UCLA Bruins@Oregon Ducks,UCLA Bruins,2026-10-04,2026-10-06,2,11.5,11.5,0,0,No Change
6,UConn Huskies@Temple Owls,Temple Owls,2026-10-04,2026-10-06,2,-3.5,-3.5,0,0,No Change
6,UConn Huskies@Temple Owls,UConn Huskies,2026-10-04,2026-10-06,2,3.5,3.5,0,0,No Change
6,Wake Forest Demon Deacons@NC State Wolfpack,NC State Wolfpack,2026-10-04,2026-10-06,2,3.5,3.5,0,0,No Change
6,Wake Forest Demon Deacons@NC State Wolfpack,Wake Forest Demon Deacons,2026-10-04,2026-10-06,2,-3.5,-3.5,0,0,No Change
6,Wyoming Cowboys@San Jose State Spartans,San Jose State Spartans,2026-10-04,2026-10-06,2,-6.5,-6.5,0,0,No Change
6,Wyoming Cowboys@San Jose State Spartans,Wyoming Cowboys,2026-10-04,2026-10-06,2,6.5,6.5,0,0,No Change
