week,game,team,snapshot_date,snapshot_time,market_line,market_price,commence_time
1,Sam Houston State Bearkats@Troy Trojans,Troy Trojans,2026-09-02,2026-09-02T05:13:06Z,-17,-109,2026-09-05T23:00:00Z
1,Sam Houston State Bearkats@Troy Trojans,Sam Houston State Bearkats,2026-09-02,2026-09-02T05:13:06Z,16.5,-105,2026-09-05T23:00:00Z
1,Liberty Flames@James Madison Dukes,James Madison Dukes,2026-09-02,2026-09-02T05:13:06Z,-6.5,-115,2026-09-05T16:00:00Z
1,Liberty Flames@James Madison Dukes,Liberty Flames,2026-09-02,2026-09-02T05:13:06Z,6.5,-105,2026-09-05T16:00:00Z
1,Central Michigan Chippewas@New Mexico Lobos,New Mexico Lobos,2026-09-02,2026-09-02T05:13:06Z,-10,-110,2026-09-06T02:00:00Z
1,Central Michigan Chippewas@New Mexico Lobos,Central Michigan Chippewas,2026-09-02,2026-09-02T05:13:06Z,10,-110,2026-09-06T02:00:00Z
1,UNLV Rebels@Hawaii Rainbow Warriors,Hawaii Rainbow Warriors,2026-09-02,2026-09-02T05:13:06Z,3,-115,2026-09-06T02:00:00Z
1,UNLV Rebels@Hawaii Rainbow Warriors,UNLV Rebels,2026-09-02,2026-09-02T05:13:06Z,-3,-105,2026-09-06T02:00:00Z
1,San Jose State Spartans@Eastern Michigan Eagles,Eastern Michigan Eagles,2026-09-02,2026-09-02T05:13:06Z,-3,-108,2026-09-04T22:30:00Z
1,San Jose State Spartans@Eastern Michigan Eagles,San Jose State Spartans,2026-09-02,2026-09-02T05:13:06Z,3,-110,2026-09-04T22:30:00Z
1,Western Kentucky Hilltoppers@Nevada Wolf Pack,Nevada Wolf Pack,2026-09-02,2026-09-02T05:13:06Z,2.5,-110,2026-09-06T02:30:00Z
1,Western Kentucky Hilltoppers@Nevada Wolf Pack,Western Kentucky Hilltoppers,2026-09-02,2026-09-02T05:13:06Z,-2.5,-110,2026-09-06T02:30:00Z
1,Florida International Panthers@South Florida Bulls,South Florida Bulls,2026-09-02,2026-09-02T05:13:06Z,-14,-110,2026-09-05T23:00:00Z
1,Florida International Panthers@South Florida Bulls,Florida International Panthers,2026-09-02,2026-09-02T05:13:06Z,14,-110,2026-09-05T23:00:00Z
1,Arkansas State Red Wolves@Memphis Tigers,Memphis Tigers,2026-09-02,2026-09-02T05:13:06Z,-11.5,-110,2026-09-05T23:00:00Z
1,Arkansas State Red Wolves@Memphis Tigers,Arkansas State Red Wolves,2026-09-02,2026-09-02T05:13:06Z,10.5,-105,2026-09-05T23:00:00Z
1,Wyoming Cowboys@Colorado State Rams,Colorado State Rams,2026-09-02,2026-09-02T05:13:06Z,-3,-112,2026-09-05T22:00:00Z
1,Wyoming Cowboys@Colorado State Rams,Wyoming Cowboys,2026-09-02,2026-09-02T05:13:06Z,3,-102,2026-09-05T22:00:00Z
1,Wisconsin Badgers@Notre Dame Fighting Irish,Wisconsin Badgers,2026-09-02,2026-09-02T05:13:06Z,20.5,-108,2026-09-06T23:30:00Z
1,Wisconsin Badgers@Notre Dame Fighting Irish,Notre Dame Fighting Irish,2026-09-02,2026-09-02T05:13:06Z,-20.5,-115,2026-09-06T23:30:00Z
1,Washington State Cougars@Washington Huskies,Washington Huskies,2026-09-02,2026-09-02T05:13:06Z,-23.5,-112,2026-09-06T20:00:00Z
1,Washington State Cougars@Washington Huskies,Washington State Cougars,2026-09-02,2026-09-02T05:13:06Z,23.5,-107,2026-09-06T20:00:00Z
1,Fresno State Bulldogs@USC Trojans,USC Trojans,2026-09-02,2026-09-02T05:13:06Z,-21.5,-110,2026-09-05T01:00:00Z
1,Fresno State Bulldogs@USC Trojans,Fresno State Bulldogs,2026-09-02,2026-09-02T05:13:06Z,21.5,-108,2026-09-05T01:00:00Z
1,Marshall Thundering Herd@Penn State Nittany Lions,Penn State Nittany Lions,2026-09-02,2026-09-02T05:13:06Z,-23.5,-118,2026-09-05T19:30:00Z
1,Marshall Thundering Herd@Penn State Nittany Lions,Marshall Thundering Herd,2026-09-02,2026-09-02T05:13:06Z,24,-109,2026-09-05T19:30:00Z
1,Boise State Broncos@Oregon Ducks,Oregon Ducks,2026-09-02,2026-09-02T05:13:06Z,-24.5,-108,2026-09-05T19:30:00Z
1,Boise State Broncos@Oregon Ducks,Boise State Broncos,2026-09-02,2026-09-02T05:13:06Z,24.5,-114,2026-09-05T19:30:00Z
1,Ball State Cardinals@Ohio State Buckeyes,Ohio State Buckeyes,2026-09-02,2026-09-02T05:13:06Z,-50.5,-110,2026-09-05T16:30:00Z
1,Ball State Cardinals@Ohio State Buckeyes,Ball State Cardinals,2026-09-02,2026-09-02T05:13:06Z,50.5,-110,2026-09-05T16:30:00Z
1,Ohio Bobcats@Nebraska Cornhuskers,Nebraska Cornhuskers,2026-09-02,2026-09-02T05:13:06Z,-23.5,-112,2026-09-05T16:00:00Z
1,Ohio Bobcats@Nebraska Cornhuskers,Ohio Bobcats,2026-09-02,2026-09-02T05:13:06Z,23.5,-108,2026-09-05T16:00:00Z
1,Toledo Rockets@Michigan State Spartans,Michigan State Spartans,2026-09-02,2026-09-02T05:13:06Z,-9.5,-110,2026-09-05T00:00:00Z
1,Toledo Rockets@Michigan State Spartans,Toledo Rockets,2026-09-02,2026-09-02T05:13:06Z,9.5,-110,2026-09-05T00:00:00Z
1,Western Michigan Broncos@Michigan Wolverines,Michigan Wolverines,2026-09-02,2026-09-02T05:13:06Z,-27.5,-115,2026-09-05T23:00:00Z
1,Western Michigan Broncos@Michigan Wolverines,Western Michigan Broncos,2026-09-02,2026-09-02T05:13:06Z,27.5,-105,2026-09-05T23:00:00Z
1,Northern Illinois Huskies@Iowa Hawkeyes,Iowa Hawkeyes,2026-09-02,2026-09-02T05:13:06Z,-31.5,-110,2026-09-05T20:15:00Z
1,Northern Illinois Huskies@Iowa Hawkeyes,Northern Illinois Huskies,2026-09-02,2026-09-02T05:13:06Z,31.5,-110,2026-09-05T20:15:00Z
1,North Texas Mean Green@Indiana Hoosiers,Indiana Hoosiers,2026-09-02,2026-09-02T05:13:06Z,-40.5,-110,2026-09-05T16:00:00Z
1,North Texas Mean Green@Indiana Hoosiers,North Texas Mean Green,2026-09-02,2026-09-02T05:13:06Z,40.5,-110,2026-09-05T16:00:00Z
1,UAB Blazers@Illinois Fighting Illini,Illinois Fighting Illini,2026-09-02,2026-09-02T05:13:06Z,-27.5,-115,2026-09-04T01:00:00Z
1,UAB Blazers@Illinois Fighting Illini,UAB Blazers,2026-09-02,2026-09-02T05:13:06Z,27.5,-108,2026-09-04T01:00:00Z
1,SMU Mustangs@Florida State Seminoles,Florida State Seminoles,2026-09-02,2026-09-02T05:13:06Z,3,-108,2026-09-07T23:30:00Z
1,SMU Mustangs@Florida State Seminoles,SMU Mustangs,2026-09-02,2026-09-02T05:13:06Z,-3,-112,2026-09-07T23:30:00Z
1,UCLA Bruins@California Golden Bears,California Golden Bears,2026-09-02,2026-09-02T05:13:06Z,2.5,-115,2026-09-06T02:30:00Z
1,UCLA Bruins@California Golden Bears,UCLA Bruins,2026-09-02,2026-09-02T05:13:06Z,-1.5,-114,2026-09-06T02:30:00Z
1,Tulane Green Wave@Duke Blue Devils,Duke Blue Devils,2026-09-02,2026-09-02T05:13:06Z,-7.5,-110,2026-09-05T19:30:00Z
1,Tulane Green Wave@Duke Blue Devils,Tulane Green Wave,2026-09-02,2026-09-02T05:13:06Z,7.5,-110,2026-09-05T19:30:00Z
1,Miami (OH) RedHawks@Pittsburgh Panthers,Pittsburgh Panthers,2026-09-02,2026-09-02T05:13:06Z,-16.5,-112,2026-09-05T16:00:00Z
1,Miami (OH) RedHawks@Pittsburgh Panthers,Miami (OH) RedHawks,2026-09-02,2026-09-02T05:13:06Z,16.5,-105,2026-09-05T16:00:00Z
1,Miami Hurricanes@Stanford Cardinal,Stanford Cardinal,2026-09-02,2026-09-02T05:13:06Z,24.5,-114,2026-09-05T01:00:00Z
1,Miami Hurricanes@Stanford Cardinal,Miami Hurricanes,2026-09-02,2026-09-02T05:13:06Z,-24.5,-106,2026-09-05T01:00:00Z
1,Akron Zips@Wake Forest Demon Deacons,Wake Forest Demon Deacons,2026-09-02,2026-09-02T05:13:06Z,-23.5,-120,2026-09-03T23:00:00Z
1,Akron Zips@Wake Forest Demon Deacons,Akron Zips,2026-09-02,2026-09-02T05:13:06Z,24.5,-115,2026-09-03T23:00:00Z
1,Coastal Carolina Chanticleers@West Virginia Mountaineers,West Virginia Mountaineers,2026-09-02,2026-09-02T05:13:06Z,-20.5,-118,2026-09-05T16:00:00Z
1,Coastal Carolina Chanticleers@West Virginia Mountaineers,Coastal Carolina Chanticleers,2026-09-02,2026-09-02T05:13:06Z,21,-108,2026-09-05T16:00:00Z
1,Oregon State Beavers@Houston Cougars,Houston Cougars,2026-09-02,2026-09-02T05:13:06Z,-20.5,-112,2026-09-05T16:00:00Z
1,Oregon State Beavers@Houston Cougars,Oregon State Beavers,2026-09-02,2026-09-02T05:13:06Z,20.5,-110,2026-09-05T16:00:00Z
1,Boston College Eagles@Cincinnati Bearcats,Cincinnati Bearcats,2026-09-02,2026-09-02T05:13:06Z,-7.5,-108,2026-09-05T19:30:00Z
1,Boston College Eagles@Cincinnati Bearcats,Boston College Eagles,2026-09-02,2026-09-02T05:13:06Z,7.5,-110,2026-09-05T19:30:00Z
1,Colorado Buffaloes@Georgia Tech Yellow Jackets,Georgia Tech Yellow Jackets,2026-09-02,2026-09-02T05:13:06Z,-6.5,-115,2026-09-04T00:00:00Z
1,Colorado Buffaloes@Georgia Tech Yellow Jackets,Colorado Buffaloes,2026-09-02,2026-09-02T05:13:06Z,6.5,-105,2026-09-04T00:00:00Z
1,Oklahoma State Cowboys@Tulsa Golden Hurricane,Tulsa Golden Hurricane,2026-09-02,2026-09-02T05:13:06Z,13.5,-114,2026-09-05T19:45:00Z
1,Oklahoma State Cowboys@Tulsa Golden Hurricane,Oklahoma State Cowboys,2026-09-02,2026-09-02T05:13:06Z,-13.5,-108,2026-09-05T19:45:00Z
1,Missouri State Bears@Texas A&M Aggies,Texas A&M Aggies,2026-09-02,2026-09-02T05:13:06Z,-40,-112,2026-09-05T23:00:00Z
1,Missouri State Bears@Texas A&M Aggies,Missouri State Bears,2026-09-02,2026-09-02T05:13:06Z,41,-110,2026-09-05T23:00:00Z
1,Texas State Bobcats@Texas Longhorns,Texas Longhorns,2026-09-02,2026-09-02T05:13:06Z,-29.5,-112,2026-09-05T19:30:00Z
1,Texas State Bobcats@Texas Longhorns,Texas State Bobcats,2026-09-02,2026-09-02T05:13:06Z,29.5,-108,2026-09-05T19:30:00Z
1,Kent State Golden Flashes@South Carolina Gamecocks,South Carolina Gamecocks,2026-09-02,2026-09-02T05:13:06Z,-36.5,-110,2026-09-05T16:45:00Z
1,Kent State Golden Flashes@South Carolina Gamecocks,Kent State Golden Flashes,2026-09-02,2026-09-02T05:13:06Z,35.5,-108,2026-09-05T16:45:00Z
1,UTEP Miners@Oklahoma Sooners,Oklahoma Sooners,2026-09-02,2026-09-02T05:13:06Z,-41.5,-105,2026-09-05T00:00:00Z
1,UTEP Miners@Oklahoma Sooners,UTEP Miners,2026-09-02,2026-09-02T05:13:06Z,41.5,-115,2026-09-05T00:00:00Z
1,UL Monroe Warhawks@Mississippi State Bulldogs,Mississippi State Bulldogs,2026-09-02,2026-09-02T05:13:06Z,-28.5,-110,2026-09-05T23:30:00Z
1,UL Monroe Warhawks@Mississippi State Bulldogs,UL Monroe Warhawks,2026-09-02,2026-09-02T05:13:06Z,28.5,-110,2026-09-05T23:30:00Z
1,Louisville Cardinals@Ole Miss Rebels,Ole Miss Rebels,2026-09-02,2026-09-02T05:13:06Z,-6.5,-122,2026-09-06T23:30:00Z
1,Louisville Cardinals@Ole Miss Rebels,Louisville Cardinals,2026-09-02,2026-09-02T05:13:06Z,7,-114,2026-09-06T23:30:00Z
1,Clemson Tigers@LSU Tigers,LSU Tigers,2026-09-02,2026-09-02T05:13:06Z,-10,-110,2026-09-05T23:30:00Z
1,Clemson Tigers@LSU Tigers,Clemson Tigers,2026-09-02,2026-09-02T05:13:06Z,10,-110,2026-09-05T23:30:00Z
1,Florida Atlantic Owls@Florida Gators,Florida Gators,2026-09-02,2026-09-02T05:13:06Z,-26.5,-112,2026-09-05T23:45:00Z
1,Florida Atlantic Owls@Florida Gators,Florida Atlantic Owls,2026-09-02,2026-09-02T05:13:06Z,26.5,-108,2026-09-05T23:45:00Z
1,Baylor Bears@Auburn Tigers,Auburn Tigers,2026-09-02,2026-09-02T05:13:06Z,-7.5,-108,2026-09-05T19:30:00Z
1,Baylor Bears@Auburn Tigers,Baylor Bears,2026-09-02,2026-09-02T05:13:06Z,7.5,-120,2026-09-05T19:30:00Z
1,East Carolina Pirates@Alabama Crimson Tide,Alabama Crimson Tide,2026-09-02,2026-09-02T05:13:06Z,-28,-107,2026-09-05T16:00:00Z
1,East Carolina Pirates@Alabama Crimson Tide,East Carolina Pirates,2026-09-02,2026-09-02T05:13:06Z,28,-112,2026-09-05T16:00:00Z
1,Sam Houston State Bearkats@Troy Trojans,Troy Trojans,2026-09-03,2026-09-03T09:14:50Z,-16.5,-115,2026-09-05T23:00:00Z
1,Sam Houston State Bearkats@Troy Trojans,Sam Houston State Bearkats,2026-09-03,2026-09-03T09:14:50Z,16.5,-105,2026-09-05T23:00:00Z
1,Liberty Flames@James Madison Dukes,James Madison Dukes,2026-09-03,2026-09-03T09:14:50Z,-6.5,-108,2026-09-05T16:00:00Z
1,Liberty Flames@James Madison Dukes,Liberty Flames,2026-09-03,2026-09-03T09:14:50Z,6,-110,2026-09-05T16:00:00Z
1,Central Michigan Chippewas@New Mexico Lobos,New Mexico Lobos,2026-09-03,2026-09-03T09:14:50Z,-10.5,-112,2026-09-06T02:00:00Z
1,Central Michigan Chippewas@New Mexico Lobos,Central Michigan Chippewas,2026-09-03,2026-09-03T09:14:50Z,11,-110,2026-09-06T02:00:00Z
1,UNLV Rebels@Hawaii Rainbow Warriors,Hawaii Rainbow Warriors,2026-09-03,2026-09-03T09:14:50Z,3.5,-128,2026-09-06T02:00:00Z
1,UNLV Rebels@Hawaii Rainbow Warriors,UNLV Rebels,2026-09-03,2026-09-03T09:14:50Z,-3,-110,2026-09-06T02:00:00Z
1,San Jose State Spartans@Eastern Michigan Eagles,Eastern Michigan Eagles,2026-09-03,2026-09-03T09:14:50Z,-3,-105,2026-09-04T22:30:00Z
1,San Jose State Spartans@Eastern Michigan Eagles,San Jose State Spartans,2026-09-03,2026-09-03T09:14:50Z,3,-112,2026-09-04T22:30:00Z
1,Western Kentucky Hilltoppers@Nevada Wolf Pack,Nevada Wolf Pack,2026-09-03,2026-09-03T09:14:50Z,1.5,-115,2026-09-06T02:30:00Z
1,Western Kentucky Hilltoppers@Nevada Wolf Pack,Western Kentucky Hilltoppers,2026-09-03,2026-09-03T09:14:50Z,-1.5,-108,2026-09-06T02:30:00Z
1,Florida International Panthers@South Florida Bulls,South Florida Bulls,2026-09-03,2026-09-03T09:14:50Z,-14,-112,2026-09-05T23:00:00Z
1,Florida International Panthers@South Florida Bulls,Florida International Panthers,2026-09-03,2026-09-03T09:14:50Z,14.5,-115,2026-09-05T23:00:00Z
1,Arkansas State Red Wolves@Memphis Tigers,Memphis Tigers,2026-09-03,2026-09-03T09:14:50Z,-11.5,-110,2026-09-05T23:00:00Z
1,Arkansas State Red Wolves@Memphis Tigers,Arkansas State Red Wolves,2026-09-03,2026-09-03T09:14:50Z,11.5,-110,2026-09-05T23:00:00Z
1,Wyoming Cowboys@Colorado State Rams,Colorado State Rams,2026-09-03,2026-09-03T09:14:50Z,-3,-112,2026-09-05T22:00:00Z
1,Wyoming Cowboys@Colorado State Rams,Wyoming Cowboys,2026-09-03,2026-09-03T09:14:50Z,3,-105,2026-09-05T22:00:00Z
1,Wisconsin Badgers@Notre Dame Fighting Irish,Wisconsin Badgers,2026-09-03,2026-09-03T09:14:50Z,20.5,-110,2026-09-06T23:30:00Z
1,Wisconsin Badgers@Notre Dame Fighting Irish,Notre Dame Fighting Irish,2026-09-03,2026-09-03T09:14:50Z,-20.5,-110,2026-09-06T23:30:00Z
1,Washington State Cougars@Washington Huskies,Washington Huskies,2026-09-03,2026-09-03T09:14:50Z,-23.5,-112,2026-09-06T20:00:00Z
1,Washington State Cougars@Washington Huskies,Washington State Cougars,2026-09-03,2026-09-03T09:14:50Z,23.5,-107,2026-09-06T20:00:00Z
1,Fresno State Bulldogs@USC Trojans,USC Trojans,2026-09-03,2026-09-03T09:14:50Z,-21.5,-110,2026-09-05T01:00:00Z
1,Fresno State Bulldogs@USC Trojans,Fresno State Bulldogs,2026-09-03,2026-09-03T09:14:50Z,21.5,-110,2026-09-05T01:00:00Z
1,Marshall Thundering Herd@Penn State Nittany Lions,Penn State Nittany Lions,2026-09-03,2026-09-03T09:14:50Z,-24.5,-108,2026-09-05T19:30:00Z
1,Marshall Thundering Herd@Penn State Nittany Lions,Marshall Thundering Herd,2026-09-03,2026-09-03T09:14:50Z,24,-110,2026-09-05T19:30:00Z
1,Boise State Broncos@Oregon Ducks,Oregon Ducks,2026-09-03,2026-09-03T09:14:50Z,-24.5,-110,2026-09-05T19:30:00Z
1,Boise State Broncos@Oregon Ducks,Boise State Broncos,2026-09-03,2026-09-03T09:14:50Z,24.5,-110,2026-09-05T19:30:00Z
1,Ball State Cardinals@Ohio State Buckeyes,Ohio State Buckeyes,2026-09-03,2026-09-03T09:14:50Z,-50.5,-110,2026-09-05T16:30:00Z
1,Ball State Cardinals@Ohio State Buckeyes,Ball State Cardinals,2026-09-03,2026-09-03T09:14:50Z,50.5,-110,2026-09-05T16:30:00Z
1,Ohio Bobcats@Nebraska Cornhuskers,Nebraska Cornhuskers,2026-09-03,2026-09-03T09:14:50Z,-23.5,-115,2026-09-05T16:00:00Z
1,Ohio Bobcats@Nebraska Cornhuskers,Ohio Bobcats,2026-09-03,2026-09-03T09:14:50Z,23.5,-105,2026-09-05T16:00:00Z
1,Toledo Rockets@Michigan State Spartans,Michigan State Spartans,2026-09-03,2026-09-03T09:14:50Z,-10,-108,2026-09-05T00:00:00Z
1,Toledo Rockets@Michigan State Spartans,Toledo Rockets,2026-09-03,2026-09-03T09:14:50Z,10,-110,2026-09-05T00:00:00Z
1,Western Michigan Broncos@Michigan Wolverines,Michigan Wolverines,2026-09-03,2026-09-03T09:14:50Z,-27.5,-115,2026-09-05T23:00:00Z
1,Western Michigan Broncos@Michigan Wolverines,Western Michigan Broncos,2026-09-03,2026-09-03T09:14:50Z,27.5,-105,2026-09-05T23:00:00Z
1,Northern Illinois Huskies@Iowa Hawkeyes,Iowa Hawkeyes,2026-09-03,2026-09-03T09:14:50Z,-31.5,-110,2026-09-05T20:15:00Z
1,Northern Illinois Huskies@Iowa Hawkeyes,Northern Illinois Huskies,2026-09-03,2026-09-03T09:14:50Z,31.5,-110,2026-09-05T20:15:00Z
1,North Texas Mean Green@Indiana Hoosiers,Indiana Hoosiers,2026-09-03,2026-09-03T09:14:50Z,-40.5,-110,2026-09-05T16:00:00Z
1,North Texas Mean Green@Indiana Hoosiers,North Texas Mean Green,2026-09-03,2026-09-03T09:14:50Z,40.5,-110,2026-09-05T16:00:00Z
1,UAB Blazers@Illinois Fighting Illini,Illinois Fighting Illini,2026-09-03,2026-09-03T09:14:50Z,-27.5,-110,2026-09-04T01:00:00Z
1,UAB Blazers@Illinois Fighting Illini,UAB Blazers,2026-09-03,2026-09-03T09:14:50Z,27.5,-110,2026-09-04T01:00:00Z
1,UMass Minutemen@Rutgers Scarlet Knights,Rutgers Scarlet Knights,2026-09-03,2026-09-03T09:14:50Z,-29,-110,2026-09-03T22:00:00Z
1,UMass Minutemen@Rutgers Scarlet Knights,UMass Minutemen,2026-09-03,2026-09-03T09:14:50Z,29.5,-115,2026-09-03T22:00:00Z
1,SMU Mustangs@Florida State Seminoles,Florida State Seminoles,2026-09-03,2026-09-03T09:14:50Z,3,-108,2026-09-07T23:30:00Z
1,SMU Mustangs@Florida State Seminoles,SMU Mustangs,2026-09-03,2026-09-03T09:14:50Z,-3,-110,2026-09-07T23:30:00Z
1,UCLA Bruins@California Golden Bears,California Golden Bears,2026-09-03,2026-09-03T09:14:50Z,2,-108,2026-09-06T02:30:00Z
1,UCLA Bruins@California Golden Bears,UCLA Bruins,2026-09-03,2026-09-03T09:14:50Z,-1.5,-115,2026-09-06T02:30:00Z
1,Tulane Green Wave@Duke Blue Devils,Duke Blue Devils,2026-09-03,2026-09-03T09:14:50Z,-7.5,-110,2026-09-05T19:30:00Z
1,Tulane Green Wave@Duke Blue Devils,Tulane Green Wave,2026-09-03,2026-09-03T09:14:50Z,7.5,-110,2026-09-05T19:30:00Z
1,Miami (OH) RedHawks@Pittsburgh Panthers,Pittsburgh Panthers,2026-09-03,2026-09-03T09:14:50Z,-16.5,-112,2026-09-05T16:00:00Z
1,Miami (OH) RedHawks@Pittsburgh Panthers,Miami (OH) RedHawks,2026-09-03,2026-09-03T09:14:50Z,16.5,-108,2026-09-05T16:00:00Z
1,Miami Hurricanes@Stanford Cardinal,Stanford Cardinal,2026-09-03,2026-09-03T09:14:50Z,24.5,-115,2026-09-05T01:00:00Z
1,Miami Hurricanes@Stanford Cardinal,Miami Hurricanes,2026-09-03,2026-09-03T09:14:50Z,-24.5,-109,2026-09-05T01:00:00Z
1,Akron Zips@Wake Forest Demon Deacons,Wake Forest Demon Deacons,2026-09-03,2026-09-03T09:14:50Z,-24.5,-110,2026-09-03T23:00:00Z
1,Akron Zips@Wake Forest Demon Deacons,Akron Zips,2026-09-03,2026-09-03T09:14:50Z,24.5,-110,2026-09-03T23:00:00Z
1,Coastal Carolina Chanticleers@West Virginia Mountaineers,West Virginia Mountaineers,2026-09-03,2026-09-03T09:14:50Z,-21,-110,2026-09-05T16:00:00Z
1,Coastal Carolina Chanticleers@West Virginia Mountaineers,Coastal Carolina Chanticleers,2026-09-03,2026-09-03T09:14:50Z,21,-108,2026-09-05T16:00:00Z
1,Oregon State Beavers@Houston Cougars,Houston Cougars,2026-09-03,2026-09-03T09:14:50Z,-20.5,-114,2026-09-05T16:00:00Z
1,Oregon State Beavers@Houston Cougars,Oregon State Beavers,2026-09-03,2026-09-03T09:14:50Z,20.5,-106,2026-09-05T16:00:00Z
1,Boston College Eagles@Cincinnati Bearcats,Cincinnati Bearcats,2026-09-03,2026-09-03T09:14:50Z,-7.5,-110,2026-09-05T19:30:00Z
1,Boston College Eagles@Cincinnati Bearcats,Boston College Eagles,2026-09-03,2026-09-03T09:14:50Z,7.5,-110,2026-09-05T19:30:00Z
1,Colorado Buffaloes@Georgia Tech Yellow Jackets,Georgia Tech Yellow Jackets,2026-09-03,2026-09-03T09:14:50Z,-6.5,-115,2026-09-04T00:00:00Z
1,Colorado Buffaloes@Georgia Tech Yellow Jackets,Colorado Buffaloes,2026-09-03,2026-09-03T09:14:50Z,6.5,-105,2026-09-04T00:00:00Z
1,Oklahoma State Cowboys@Tulsa Golden Hurricane,Tulsa Golden Hurricane,2026-09-03,2026-09-03T09:14:50Z,13.5,-105,2026-09-05T19:45:00Z
1,Oklahoma State Cowboys@Tulsa Golden Hurricane,Oklahoma State Cowboys,2026-09-03,2026-09-03T09:14:50Z,-13.5,-115,2026-09-05T19:45:00Z
1,Missouri State Bears@Texas A&M Aggies,Texas A&M Aggies,2026-09-03,2026-09-03T09:14:50Z,-40.5,-112,2026-09-05T23:00:00Z
1,Missouri State Bears@Texas A&M Aggies,Missouri State Bears,2026-09-03,2026-09-03T09:14:50Z,41,-110,2026-09-05T23:00:00Z
1,Texas State Bobcats@Texas Longhorns,Texas Longhorns,2026-09-03,2026-09-03T09:14:50Z,-29.5,-110,2026-09-05T19:30:00Z
1,Texas State Bobcats@Texas Longhorns,Texas State Bobcats,2026-09-03,2026-09-03T09:14:50Z,29.5,-110,2026-09-05T19:30:00Z
1,Kent State Golden Flashes@South Carolina Gamecocks,South Carolina Gamecocks,2026-09-03,2026-09-03T09:14:50Z,-36.5,-110,2026-09-05T16:45:00Z
1,Kent State Golden Flashes@South Carolina Gamecocks,Kent State Golden Flashes,2026-09-03,2026-09-03T09:14:50Z,35.5,-108,2026-09-05T16:45:00Z
1,UTEP Miners@Oklahoma Sooners,Oklahoma Sooners,2026-09-03,2026-09-03T09:14:50Z,-41.5,-108,2026-09-05T00:00:00Z
1,UTEP Miners@Oklahoma Sooners,UTEP Miners,2026-09-03,2026-09-03T09:14:50Z,41.5,-115,2026-09-05T00:00:00Z
1,UL Monroe Warhawks@Mississippi State Bulldogs,Mississippi State Bulldogs,2026-09-03,2026-09-03T09:14:50Z,-28.5,-110,2026-09-05T23:30:00Z
1,UL Monroe Warhawks@Mississippi State Bulldogs,UL Monroe Warhawks,2026-09-03,2026-09-03T09:14:50Z,29,-110,2026-09-05T23:30:00Z
1,Louisville Cardinals@Ole Miss Rebels,Ole Miss Rebels,2026-09-03,2026-09-03T09:14:50Z,-6.5,-118,2026-09-06T23:30:00Z
1,Louisville Cardinals@Ole Miss Rebels,Louisville Cardinals,2026-09-03,2026-09-03T09:14:50Z,7,-114,2026-09-06T23:30:00Z
1,Clemson Tigers@LSU Tigers,LSU Tigers,2026-09-03,2026-09-03T09:14:50Z,-10,-110,2026-09-05T23:30:00Z
1,Clemson Tigers@LSU Tigers,Clemson Tigers,2026-09-03,2026-09-03T09:14:50Z,10,-110,2026-09-05T23:30:00Z
1,Florida Atlantic Owls@Florida Gators,Florida Gators,2026-09-03,2026-09-03T09:14:50Z,-26.5,-112,2026-09-05T23:45:00Z
1,Florida Atlantic Owls@Florida Gators,Florida Atlantic Owls,2026-09-03,2026-09-03T09:14:50Z,26.5,-108,2026-09-05T23:45:00Z
1,Baylor Bears@Auburn Tigers,Auburn Tigers,2026-09-03,2026-09-03T09:14:50Z,-7.5,-108,2026-09-05T19:30:00Z
1,Baylor Bears@Auburn Tigers,Baylor Bears,2026-09-03,2026-09-03T09:14:50Z,7.5,-115,2026-09-05T19:30:00Z
1,East Carolina Pirates@Alabama Crimson Tide,Alabama Crimson Tide,2026-09-03,2026-09-03T09:14:50Z,-28,-108,2026-09-05T16:00:00Z
1,East Carolina Pirates@Alabama Crimson Tide,East Carolina Pirates,2026-09-03,2026-09-03T09:14:50Z,28.5,-120,2026-09-05T16:00:00Z
1,Sam Houston State Bearkats@Troy Trojans,Troy Trojans,2026-09-04,2026-09-04T04:01:20Z,-16.5,-110,2026-09-05T23:00:00Z
1,Sam Houston State Bearkats@Troy Trojans,Sam Houston State Bearkats,2026-09-04,2026-09-04T04:01:20Z,16.5,-108,2026-09-05T23:00:00Z
1,Liberty Flames@James Madison Dukes,James Madison Dukes,2026-09-04,2026-09-04T04:01:20Z,-6,-108,2026-09-05T16:00:00Z
1,Liberty Flames@James Madison Dukes,Liberty Flames,2026-09-04,2026-09-04T04:01:20Z,6,-109,2026-09-05T16:00:00Z
1,Central Michigan Chippewas@New Mexico Lobos,New Mexico Lobos,2026-09-04,2026-09-04T04:01:20Z,-10.5,-108,2026-09-06T02:00:00Z
1,Central Michigan Chippewas@New Mexico Lobos,Central Michigan Chippewas,2026-09-04,2026-09-04T04:01:20Z,10.5,-109,2026-09-06T02:00:00Z
1,UNLV Rebels@Hawaii Rainbow Warriors,Hawaii Rainbow Warriors,2026-09-04,2026-09-04T04:01:20Z,3,-105,2026-09-06T02:00:00Z
1,UNLV Rebels@Hawaii Rainbow Warriors,UNLV Rebels,2026-09-04,2026-09-04T04:01:20Z,-3,-112,2026-09-06T02:00:00Z
1,San Jose State Spartans@Eastern Michigan Eagles,Eastern Michigan Eagles,2026-09-04,2026-09-04T04:01:20Z,-3,-105,2026-09-04T22:30:00Z
1,San Jose State Spartans@Eastern Michigan Eagles,San Jose State Spartans,2026-09-04,2026-09-04T04:01:20Z,3,-109,2026-09-04T22:30:00Z
1,Western Kentucky Hilltoppers@Nevada Wolf Pack,Nevada Wolf Pack,2026-09-04,2026-09-04T04:01:20Z,1.5,-112,2026-09-06T02:30:00Z
1,Western Kentucky Hilltoppers@Nevada Wolf Pack,Western Kentucky Hilltoppers,2026-09-04,2026-09-04T04:01:20Z,-1.5,-108,2026-09-06T02:30:00Z
1,Florida International Panthers@South Florida Bulls,South Florida Bulls,2026-09-04,2026-09-04T04:01:20Z,-14.5,-110,2026-09-05T23:00:00Z
1,Florida International Panthers@South Florida Bulls,Florida International Panthers,2026-09-04,2026-09-04T04:01:20Z,14.5,-110,2026-09-05T23:00:00Z
1,Arkansas State Red Wolves@Memphis Tigers,Memphis Tigers,2026-09-04,2026-09-04T04:01:20Z,-11.5,-110,2026-09-05T23:00:00Z
1,Arkansas State Red Wolves@Memphis Tigers,Arkansas State Red Wolves,2026-09-04,2026-09-04T04:01:20Z,11.5,-110,2026-09-05T23:00:00Z
1,Wyoming Cowboys@Colorado State Rams,Colorado State Rams,2026-09-04,2026-09-04T04:01:20Z,-3,-110,2026-09-05T22:00:00Z
1,Wyoming Cowboys@Colorado State Rams,Wyoming Cowboys,2026-09-04,2026-09-04T04:01:20Z,3,-105,2026-09-05T22:00:00Z
1,Wisconsin Badgers@Notre Dame Fighting Irish,Wisconsin Badgers,2026-09-04,2026-09-04T04:01:20Z,21,-107,2026-09-06T23:30:00Z
1,Wisconsin Badgers@Notre Dame Fighting Irish,Notre Dame Fighting Irish,2026-09-04,2026-09-04T04:01:20Z,-20.5,-110,2026-09-06T23:30:00Z
1,Washington State Cougars@Washington Huskies,Washington Huskies,2026-09-04,2026-09-04T04:01:20Z,-23.5,-110,2026-09-06T20:00:00Z
1,Washington State Cougars@Washington Huskies,Washington State Cougars,2026-09-04,2026-09-04T04:01:20Z,23.5,-108,2026-09-06T20:00:00Z
1,Fresno State Bulldogs@USC Trojans,USC Trojans,2026-09-04,2026-09-04T04:01:20Z,-22.5,-102,2026-09-05T01:00:00Z
1,Fresno State Bulldogs@USC Trojans,Fresno State Bulldogs,2026-09-04,2026-09-04T04:01:20Z,21.5,-110,2026-09-05T01:00:00Z
1,Marshall Thundering Herd@Penn State Nittany Lions,Penn State Nittany Lions,2026-09-04,2026-09-04T04:01:20Z,-24,-105,2026-09-05T19:30:00Z
1,Marshall Thundering Herd@Penn State Nittany Lions,Marshall Thundering Herd,2026-09-04,2026-09-04T04:01:20Z,24.5,-120,2026-09-05T19:30:00Z
1,Boise State Broncos@Oregon Ducks,Oregon Ducks,2026-09-04,2026-09-04T04:01:20Z,-24.5,-110,2026-09-05T19:30:00Z
1,Boise State Broncos@Oregon Ducks,Boise State Broncos,2026-09-04,2026-09-04T04:01:20Z,24.5,-110,2026-09-05T19:30:00Z
1,Ball State Cardinals@Ohio State Buckeyes,Ohio State Buckeyes,2026-09-04,2026-09-04T04:01:20Z,-50.5,-108,2026-09-05T16:30:00Z
1,Ball State Cardinals@Ohio State Buckeyes,Ball State Cardinals,2026-09-04,2026-09-04T04:01:20Z,50.5,-110,2026-09-05T16:30:00Z
1,Ohio Bobcats@Nebraska Cornhuskers,Nebraska Cornhuskers,2026-09-04,2026-09-04T04:01:20Z,-23.5,-114,2026-09-05T16:00:00Z
1,Ohio Bobcats@Nebraska Cornhuskers,Ohio Bobcats,2026-09-04,2026-09-04T04:01:20Z,23.5,-105,2026-09-05T16:00:00Z
1,Toledo Rockets@Michigan State Spartans,Michigan State Spartans,2026-09-04,2026-09-04T04:01:20Z,-10,-108,2026-09-05T00:00:00Z
1,Toledo Rockets@Michigan State Spartans,Toledo Rockets,2026-09-04,2026-09-04T04:01:20Z,10,-105,2026-09-05T00:00:00Z
1,Western Michigan Broncos@Michigan Wolverines,Michigan Wolverines,2026-09-04,2026-09-04T04:01:20Z,-27.5,-112,2026-09-05T23:00:00Z
1,Western Michigan Broncos@Michigan Wolverines,Western Michigan Broncos,2026-09-04,2026-09-04T04:01:20Z,27.5,-105,2026-09-05T23:00:00Z
1,Northern Illinois Huskies@Iowa Hawkeyes,Iowa Hawkeyes,2026-09-04,2026-09-04T04:01:20Z,-31.5,-108,2026-09-05T20:15:00Z
1,Northern Illinois Huskies@Iowa Hawkeyes,Northern Illinois Huskies,2026-09-04,2026-09-04T04:01:20Z,31.5,-110,2026-09-05T20:15:00Z
1,North Texas Mean Green@Indiana Hoosiers,Indiana Hoosiers,2026-09-04,2026-09-04T04:01:20Z,-40.5,-110,2026-09-05T16:00:00Z
1,North Texas Mean Green@Indiana Hoosiers,North Texas Mean Green,2026-09-04,2026-09-04T04:01:20Z,40.5,-110,2026-09-05T16:00:00Z
1,UAB Blazers@Illinois Fighting Illini,Illinois Fighting Illini,2026-09-04,2026-09-04T04:01:37Z,-18.5,-188,2026-09-04T01:20:00Z
1,UAB Blazers@Illinois Fighting Illini,UAB Blazers,2026-09-04,2026-09-04T04:01:37Z,18.5,150,2026-09-04T01:20:00Z
1,SMU Mustangs@Florida State Seminoles,Florida State Seminoles,2026-09-04,2026-09-04T04:01:20Z,3,-109,2026-09-07T23:30:00Z
1,SMU Mustangs@Florida State Seminoles,SMU Mustangs,2026-09-04,2026-09-04T04:01:20Z,-3,-105,2026-09-07T23:30:00Z
1,UCLA Bruins@California Golden Bears,California Golden Bears,2026-09-04,2026-09-04T04:01:20Z,1.5,-105,2026-09-06T02:30:00Z
1,UCLA Bruins@California Golden Bears,UCLA Bruins,2026-09-04,2026-09-04T04:01:20Z,-2,-108,2026-09-06T02:30:00Z
1,Tulane Green Wave@Duke Blue Devils,Duke Blue Devils,2026-09-04,2026-09-04T04:01:20Z,-7.5,-110,2026-09-05T19:30:00Z
1,Tulane Green Wave@Duke Blue Devils,Tulane Green Wave,2026-09-04,2026-09-04T04:01:20Z,7.5,-108,2026-09-05T19:30:00Z
1,Miami (OH) RedHawks@Pittsburgh Panthers,Pittsburgh Panthers,2026-09-04,2026-09-04T04:01:20Z,-16.5,-108,2026-09-05T16:00:00Z
1,Miami (OH) RedHawks@Pittsburgh Panthers,Miami (OH) RedHawks,2026-09-04,2026-09-04T04:01:20Z,16.5,-110,2026-09-05T16:00:00Z
1,Miami Hurricanes@Stanford Cardinal,Stanford Cardinal,2026-09-04,2026-09-04T04:01:20Z,23.5,-108,2026-09-05T01:00:00Z
1,Miami Hurricanes@Stanford Cardinal,Miami Hurricanes,2026-09-04,2026-09-04T04:01:20Z,-23.5,-112,2026-09-05T01:00:00Z
1,Coastal Carolina Chanticleers@West Virginia Mountaineers,West Virginia Mountaineers,2026-09-04,2026-09-04T04:01:20Z,-21.5,-107,2026-09-05T16:00:00Z
1,Coastal Carolina Chanticleers@West Virginia Mountaineers,Coastal Carolina Chanticleers,2026-09-04,2026-09-04T04:01:20Z,21,-105,2026-09-05T16:00:00Z
1,Oregon State Beavers@Houston Cougars,Houston Cougars,2026-09-04,2026-09-04T04:01:20Z,-20.5,-112,2026-09-05T16:00:00Z
1,Oregon State Beavers@Houston Cougars,Oregon State Beavers,2026-09-04,2026-09-04T04:01:20Z,20.5,-110,2026-09-05T16:00:00Z
1,Boston College Eagles@Cincinnati Bearcats,Cincinnati Bearcats,2026-09-04,2026-09-04T04:01:20Z,-7.5,-110,2026-09-05T19:30:00Z
1,Boston College Eagles@Cincinnati Bearcats,Boston College Eagles,2026-09-04,2026-09-04T04:01:20Z,7.5,-110,2026-09-05T19:30:00Z
1,Oklahoma State Cowboys@Tulsa Golden Hurricane,Tulsa Golden Hurricane,2026-09-04,2026-09-04T04:01:20Z,13.5,-110,2026-09-05T19:45:00Z
1,Oklahoma State Cowboys@Tulsa Golden Hurricane,Oklahoma State Cowboys,2026-09-04,2026-09-04T04:01:20Z,-13.5,-110,2026-09-05T19:45:00Z
1,Missouri State Bears@Texas A&M Aggies,Texas A&M Aggies,2026-09-04,2026-09-04T04:01:20Z,-40.5,-110,2026-09-05T23:00:00Z
1,Missouri State Bears@Texas A&M Aggies,Missouri State Bears,2026-09-04,2026-09-04T04:01:20Z,40.5,-110,2026-09-05T23:00:00Z
1,Texas State Bobcats@Texas Longhorns,Texas Longhorns,2026-09-04,2026-09-04T04:01:20Z,-29.5,-110,2026-09-05T19:30:00Z
1,Texas State Bobcats@Texas Longhorns,Texas State Bobcats,2026-09-04,2026-09-04T04:01:20Z,29.5,-110,2026-09-05T19:30:00Z
1,Kent State Golden Flashes@South Carolina Gamecocks,South Carolina Gamecocks,2026-09-04,2026-09-04T04:01:20Z,-35.5,-112,2026-09-05T16:45:00Z
1,Kent State Golden Flashes@South Carolina Gamecocks,Kent State Golden Flashes,2026-09-04,2026-09-04T04:01:20Z,36.5,-115,2026-09-05T16:45:00Z
1,UTEP Miners@Oklahoma Sooners,Oklahoma Sooners,2026-09-04,2026-09-04T04:01:20Z,-41.5,-105,2026-09-05T00:00:00Z
1,UTEP Miners@Oklahoma Sooners,UTEP Miners,2026-09-04,2026-09-04T04:01:20Z,41.5,-115,2026-09-05T00:00:00Z
1,UL Monroe Warhawks@Mississippi State Bulldogs,Mississippi State Bulldogs,2026-09-04,2026-09-04T04:01:20Z,-28.5,-105,2026-09-05T23:30:00Z
1,UL Monroe Warhawks@Mississippi State Bulldogs,UL Monroe Warhawks,2026-09-04,2026-09-04T04:01:20Z,29,-110,2026-09-05T23:30:00Z
1,Louisville Cardinals@Ole Miss Rebels,Ole Miss Rebels,2026-09-04,2026-09-04T04:01:20Z,-6.5,-118,2026-09-06T23:30:00Z
1,Louisville Cardinals@Ole Miss Rebels,Louisville Cardinals,2026-09-04,2026-09-04T04:01:20Z,6.5,-102,2026-09-06T23:30:00Z
1,Clemson Tigers@LSU Tigers,LSU Tigers,2026-09-04,2026-09-04T04:01:20Z,-10,-108,2026-09-05T23:30:00Z
1,Clemson Tigers@LSU Tigers,Clemson Tigers,2026-09-04,2026-09-04T04:01:20Z,10,-110,2026-09-05T23:30:00Z
1,Florida Atlantic Owls@Florida Gators,Florida Gators,2026-09-04,2026-09-04T04:01:20Z,-26.5,-113,2026-09-05T23:45:00Z
1,Florida Atlantic Owls@Florida Gators,Florida Atlantic Owls,2026-09-04,2026-09-04T04:01:20Z,26.5,-108,2026-09-05T23:45:00Z
1,Baylor Bears@Auburn Tigers,Auburn Tigers,2026-09-04,2026-09-04T04:01:20Z,-7.5,-105,2026-09-05T19:30:00Z
1,Baylor Bears@Auburn Tigers,Baylor Bears,2026-09-04,2026-09-04T04:01:20Z,7.5,-115,2026-09-05T19:30:00Z
1,East Carolina Pirates@Alabama Crimson Tide,Alabama Crimson Tide,2026-09-04,2026-09-04T04:01:20Z,-27.5,-112,2026-09-05T16:00:00Z
1,East Carolina Pirates@Alabama Crimson Tide,East Carolina Pirates,2026-09-04,2026-09-04T04:01:20Z,27.5,-105,2026-09-05T16:00:00Z
1,Sam Houston State Bearkats@Troy Trojans,Troy Trojans,2026-09-05,2026-09-05T04:08:21Z,-16.5,-113,2026-09-05T23:00:00Z
1,Sam Houston State Bearkats@Troy Trojans,Sam Houston State Bearkats,2026-09-05,2026-09-05T04:08:21Z,16.5,-105,2026-09-05T23:00:00Z
1,Liberty Flames@James Madison Dukes,James Madison Dukes,2026-09-05,2026-09-05T04:08:21Z,-6.5,-105,2026-09-05T16:00:00Z
1,Liberty Flames@James Madison Dukes,Liberty Flames,2026-09-05,2026-09-05T04:08:21Z,6.5,-115,2026-09-05T16:00:00Z
1,Central Michigan Chippewas@New Mexico Lobos,New Mexico Lobos,2026-09-05,2026-09-05T04:08:21Z,-10.5,-108,2026-09-06T02:00:00Z
1,Central Michigan Chippewas@New Mexico Lobos,Central Michigan Chippewas,2026-09-05,2026-09-05T04:08:21Z,10.5,-110,2026-09-06T02:00:00Z
1,UNLV Rebels@Hawaii Rainbow Warriors,Hawaii Rainbow Warriors,2026-09-05,2026-09-05T04:08:21Z,3,-108,2026-09-06T02:00:00Z
1,UNLV Rebels@Hawaii Rainbow Warriors,UNLV Rebels,2026-09-05,2026-09-05T04:08:21Z,-3,-108,2026-09-06T02:00:00Z
1,Western Kentucky Hilltoppers@Nevada Wolf Pack,Nevada Wolf Pack,2026-09-05,2026-09-05T04:08:21Z,1,-109,2026-09-06T02:30:00Z
1,Western Kentucky Hilltoppers@Nevada Wolf Pack,Western Kentucky Hilltoppers,2026-09-05,2026-09-05T04:08:21Z,-1.5,-105,2026-09-06T02:30:00Z
1,Florida International Panthers@South Florida Bulls,South Florida Bulls,2026-09-05,2026-09-05T04:08:21Z,-14.5,-110,2026-09-05T23:00:00Z
1,Florida International Panthers@South Florida Bulls,Florida International Panthers,2026-09-05,2026-09-05T04:08:21Z,14.5,-110,2026-09-05T23:00:00Z
1,Arkansas State Red Wolves@Memphis Tigers,Memphis Tigers,2026-09-05,2026-09-05T04:08:21Z,-11.5,-105,2026-09-05T23:00:00Z
1,Arkansas State Red Wolves@Memphis Tigers,Arkansas State Red Wolves,2026-09-05,2026-09-05T04:08:21Z,10.5,-110,2026-09-05T23:00:00Z
1,Wyoming Cowboys@Colorado State Rams,Colorado State Rams,2026-09-05,2026-09-05T04:08:21Z,-3,-110,2026-09-05T22:00:00Z
1,Wyoming Cowboys@Colorado State Rams,Wyoming Cowboys,2026-09-05,2026-09-05T04:08:21Z,3,-108,2026-09-05T22:00:00Z
1,Wisconsin Badgers@Notre Dame Fighting Irish,Wisconsin Badgers,2026-09-05,2026-09-05T04:08:21Z,20.5,-110,2026-09-06T23:30:00Z
1,Wisconsin Badgers@Notre Dame Fighting Irish,Notre Dame Fighting Irish,2026-09-05,2026-09-05T04:08:21Z,-20.5,-110,2026-09-06T23:30:00Z
1,Washington State Cougars@Washington Huskies,Washington Huskies,2026-09-05,2026-09-05T04:08:21Z,-23.5,-110,2026-09-06T20:00:00Z
1,Washington State Cougars@Washington Huskies,Washington State Cougars,2026-09-05,2026-09-05T04:08:21Z,23.5,-109,2026-09-06T20:00:00Z
1,Fresno State Bulldogs@USC Trojans,USC Trojans,2026-09-05,2026-09-05T04:07:22Z,-37.5,-210,2026-09-05T01:05:48Z
1,Fresno State Bulldogs@USC Trojans,Fresno State Bulldogs,2026-09-05,2026-09-05T04:07:22Z,37.5,160,2026-09-05T01:05:48Z
1,Marshall Thundering Herd@Penn State Nittany Lions,Penn State Nittany Lions,2026-09-05,2026-09-05T04:08:21Z,-23.5,-108,2026-09-05T19:30:00Z
1,Marshall Thundering Herd@Penn State Nittany Lions,Marshall Thundering Herd,2026-09-05,2026-09-05T04:08:21Z,23.5,-112,2026-09-05T19:30:00Z
1,Boise State Broncos@Oregon Ducks,Oregon Ducks,2026-09-05,2026-09-05T04:08:21Z,-24.5,-110,2026-09-05T19:30:00Z
1,Boise State Broncos@Oregon Ducks,Boise State Broncos,2026-09-05,2026-09-05T04:08:21Z,24.5,-108,2026-09-05T19:30:00Z
1,Ball State Cardinals@Ohio State Buckeyes,Ohio State Buckeyes,2026-09-05,2026-09-05T04:08:21Z,-49.5,-115,2026-09-05T16:30:00Z
1,Ball State Cardinals@Ohio State Buckeyes,Ball State Cardinals,2026-09-05,2026-09-05T04:08:21Z,50.5,-110,2026-09-05T16:30:00Z
1,Ohio Bobcats@Nebraska Cornhuskers,Nebraska Cornhuskers,2026-09-05,2026-09-05T04:08:21Z,-23.5,-115,2026-09-05T16:00:00Z
1,Ohio Bobcats@Nebraska Cornhuskers,Ohio Bobcats,2026-09-05,2026-09-05T04:08:21Z,23.5,-106,2026-09-05T16:00:00Z
1,Western Michigan Broncos@Michigan Wolverines,Michigan Wolverines,2026-09-05,2026-09-05T04:08:21Z,-27.5,-112,2026-09-05T23:00:00Z
1,Western Michigan Broncos@Michigan Wolverines,Western Michigan Broncos,2026-09-05,2026-09-05T04:08:21Z,27.5,-105,2026-09-05T23:00:00Z
1,Northern Illinois Huskies@Iowa Hawkeyes,Iowa Hawkeyes,2026-09-05,2026-09-05T04:08:21Z,-31.5,-106,2026-09-05T20:15:00Z
1,Northern Illinois Huskies@Iowa Hawkeyes,Northern Illinois Huskies,2026-09-05,2026-09-05T04:08:21Z,31.5,-112,2026-09-05T20:15:00Z
1,North Texas Mean Green@Indiana Hoosiers,Indiana Hoosiers,2026-09-05,2026-09-05T04:08:21Z,-40.5,-110,2026-09-05T16:00:00Z
1,North Texas Mean Green@Indiana Hoosiers,North Texas Mean Green,2026-09-05,2026-09-05T04:08:21Z,40.5,-110,2026-09-05T16:00:00Z
1,SMU Mustangs@Florida State Seminoles,Florida State Seminoles,2026-09-05,2026-09-05T04:08:21Z,3,-110,2026-09-07T23:30:00Z
1,SMU Mustangs@Florida State Seminoles,SMU Mustangs,2026-09-05,2026-09-05T04:08:21Z,-3,-105,2026-09-07T23:30:00Z
1,UCLA Bruins@California Golden Bears,California Golden Bears,2026-09-05,2026-09-05T04:08:21Z,2.5,-108,2026-09-06T02:30:00Z
1,UCLA Bruins@California Golden Bears,UCLA Bruins,2026-09-05,2026-09-05T04:08:21Z,-2.5,-110,2026-09-06T02:30:00Z
1,Tulane Green Wave@Duke Blue Devils,Duke Blue Devils,2026-09-05,2026-09-05T04:08:21Z,-7.5,-110,2026-09-05T19:30:00Z
1,Tulane Green Wave@Duke Blue Devils,Tulane Green Wave,2026-09-05,2026-09-05T04:08:21Z,7.5,-110,2026-09-05T19:30:00Z
1,Miami (OH) RedHawks@Pittsburgh Panthers,Pittsburgh Panthers,2026-09-05,2026-09-05T04:08:21Z,-16.5,-108,2026-09-05T16:00:00Z
1,Miami (OH) RedHawks@Pittsburgh Panthers,Miami (OH) RedHawks,2026-09-05,2026-09-05T04:08:21Z,16.5,-110,2026-09-05T16:00:00Z
1,Miami Hurricanes@Stanford Cardinal,Stanford Cardinal,2026-09-05,2026-09-05T04:08:21Z,36.5,-270,2026-09-05T01:05:53Z
1,Miami Hurricanes@Stanford Cardinal,Miami Hurricanes,2026-09-05,2026-09-05T04:08:21Z,-37.5,220,2026-09-05T01:05:53Z
1,Coastal Carolina Chanticleers@West Virginia Mountaineers,West Virginia Mountaineers,2026-09-05,2026-09-05T04:08:21Z,-21.5,-108,2026-09-05T16:00:00Z
1,Coastal Carolina Chanticleers@West Virginia Mountaineers,Coastal Carolina Chanticleers,2026-09-05,2026-09-05T04:08:21Z,21.5,-115,2026-09-05T16:00:00Z
1,Oregon State Beavers@Houston Cougars,Houston Cougars,2026-09-05,2026-09-05T04:08:21Z,-21,-105,2026-09-05T16:00:00Z
1,Oregon State Beavers@Houston Cougars,Oregon State Beavers,2026-09-05,2026-09-05T04:08:21Z,21,-114,2026-09-05T16:00:00Z
1,Boston College Eagles@Cincinnati Bearcats,Cincinnati Bearcats,2026-09-05,2026-09-05T04:08:21Z,-7.5,-110,2026-09-05T19:30:00Z
1,Boston College Eagles@Cincinnati Bearcats,Boston College Eagles,2026-09-05,2026-09-05T04:08:21Z,7.5,-110,2026-09-05T19:30:00Z
1,Oklahoma State Cowboys@Tulsa Golden Hurricane,Tulsa Golden Hurricane,2026-09-05,2026-09-05T04:08:21Z,13.5,-109,2026-09-05T19:45:00Z
1,Oklahoma State Cowboys@Tulsa Golden Hurricane,Oklahoma State Cowboys,2026-09-05,2026-09-05T04:08:21Z,-13.5,-110,2026-09-05T19:45:00Z
1,Missouri State Bears@Texas A&M Aggies,Texas A&M Aggies,2026-09-05,2026-09-05T04:08:21Z,-40.5,-110,2026-09-05T23:00:00Z
1,Missouri State Bears@Texas A&M Aggies,Missouri State Bears,2026-09-05,2026-09-05T04:08:21Z,40.5,-110,2026-09-05T23:00:00Z
1,Texas State Bobcats@Texas Longhorns,Texas Longhorns,2026-09-05,2026-09-05T04:08:21Z,-29.5,-110,2026-09-05T19:30:00Z
1,Texas State Bobcats@Texas Longhorns,Texas State Bobcats,2026-09-05,2026-09-05T04:08:21Z,29.5,-110,2026-09-05T19:30:00Z
1,Kent State Golden Flashes@South Carolina Gamecocks,South Carolina Gamecocks,2026-09-05,2026-09-05T04:08:21Z,-35.5,-112,2026-09-05T16:45:00Z
1,Kent State Golden Flashes@South Carolina Gamecocks,Kent State Golden Flashes,2026-09-05,2026-09-05T04:08:21Z,36.5,-115,2026-09-05T16:45:00Z
1,UL Monroe Warhawks@Mississippi State Bulldogs,Mississippi State Bulldogs,2026-09-05,2026-09-05T04:08:21Z,-28.5,-105,2026-09-05T23:30:00Z
1,UL Monroe Warhawks@Mississippi State Bulldogs,UL Monroe Warhawks,2026-09-05,2026-09-05T04:08:21Z,28.5,-112,2026-09-05T23:30:00Z
1,Louisville Cardinals@Ole Miss Rebels,Ole Miss Rebels,2026-09-05,2026-09-05T04:08:21Z,-6.5,-115,2026-09-06T23:30:00Z
1,Louisville Cardinals@Ole Miss Rebels,Louisville Cardinals,2026-09-05,2026-09-05T04:08:21Z,6.5,-105,2026-09-06T23:30:00Z
1,Clemson Tigers@LSU Tigers,LSU Tigers,2026-09-05,2026-09-05T04:08:21Z,-10,-108,2026-09-05T23:30:00Z
1,Clemson Tigers@LSU Tigers,Clemson Tigers,2026-09-05,2026-09-05T04:08:21Z,10,-110,2026-09-05T23:30:00Z
1,Florida Atlantic Owls@Florida Gators,Florida Gators,2026-09-05,2026-09-05T04:08:21Z,-26.5,-108,2026-09-05T23:45:00Z
1,Florida Atlantic Owls@Florida Gators,Florida Atlantic Owls,2026-09-05,2026-09-05T04:08:21Z,26.5,-110,2026-09-05T23:45:00Z
1,Baylor Bears@Auburn Tigers,Auburn Tigers,2026-09-05,2026-09-05T04:08:21Z,-7.5,-105,2026-09-05T19:30:00Z
1,Baylor Bears@Auburn Tigers,Baylor Bears,2026-09-05,2026-09-05T04:08:21Z,7.5,-117,2026-09-05T19:30:00Z
1,East Carolina Pirates@Alabama Crimson Tide,Alabama Crimson Tide,2026-09-05,2026-09-05T04:08:21Z,-27.5,-115,2026-09-05T16:00:00Z
1,East Carolina Pirates@Alabama Crimson Tide,East Carolina Pirates,2026-09-05,2026-09-05T04:08:21Z,28,-108,2026-09-05T16:00:00Z
1,Wisconsin Badgers@Notre Dame Fighting Irish,Wisconsin Badgers,2026-09-06,2026-09-06T09:12:23Z,20.5,-110,2026-09-06T23:30:00Z
1,Wisconsin Badgers@Notre Dame Fighting Irish,Notre Dame Fighting Irish,2026-09-06,2026-09-06T09:12:23Z,-20.5,-112,2026-09-06T23:30:00Z
1,Washington State Cougars@Washington Huskies,Washington Huskies,2026-09-06,2026-09-06T09:12:23Z,-23.5,-112,2026-09-06T20:00:00Z
1,Washington State Cougars@Washington Huskies,Washington State Cougars,2026-09-06,2026-09-06T09:12:23Z,23.5,-108,2026-09-06T20:00:00Z
1,SMU Mustangs@Florida State Seminoles,Florida State Seminoles,2026-09-06,2026-09-06T09:12:23Z,3,-110,2026-09-07T23:30:00Z
1,SMU Mustangs@Florida State Seminoles,SMU Mustangs,2026-09-06,2026-09-06T09:12:23Z,-3,-105,2026-09-07T23:30:00Z
1,Louisville Cardinals@Ole Miss Rebels,Ole Miss Rebels,2026-09-06,2026-09-06T09:12:23Z,-7,-105,2026-09-06T23:30:00Z
1,Louisville Cardinals@Ole Miss Rebels,Louisville Cardinals,2026-09-06,2026-09-06T09:12:23Z,6.5,-105,2026-09-06T23:30:00Z
2,Arkansas Razorbacks@Utah Utes,Utah Utes,2026-09-07,2026-09-07T09:18:48Z,-12.5,-113,2026-09-13T02:15:00Z
2,Arkansas Razorbacks@Utah Utes,Arkansas Razorbacks,2026-09-07,2026-09-07T09:18:48Z,12.5,-110,2026-09-13T02:15:00Z
2,Southern Mississippi Golden Eagles@Auburn Tigers,Auburn Tigers,2026-09-07,2026-09-07T09:18:48Z,-29,-114,2026-09-12T23:45:00Z
2,Southern Mississippi Golden Eagles@Auburn Tigers,Southern Mississippi Golden Eagles,2026-09-07,2026-09-07T09:18:48Z,30.5,-108,2026-09-12T23:45:00Z
2,Western Kentucky Hilltoppers@Georgia Bulldogs,Georgia Bulldogs,2026-09-07,2026-09-07T09:18:48Z,-40.5,-110,2026-09-12T16:45:00Z
2,Western Kentucky Hilltoppers@Georgia Bulldogs,Western Kentucky Hilltoppers,2026-09-07,2026-09-07T09:18:48Z,40.5,-110,2026-09-12T16:45:00Z
2,Alabama Crimson Tide@Kentucky Wildcats,Kentucky Wildcats,2026-09-07,2026-09-07T09:18:48Z,10,-105,2026-09-12T19:30:00Z
2,Alabama Crimson Tide@Kentucky Wildcats,Alabama Crimson Tide,2026-09-07,2026-09-07T09:18:48Z,-10,-112,2026-09-12T19:30:00Z
2,Mississippi State Bulldogs@Minnesota Golden Gophers,Minnesota Golden Gophers,2026-09-07,2026-09-07T09:18:48Z,1,-108,2026-09-12T19:30:00Z
2,Mississippi State Bulldogs@Minnesota Golden Gophers,Mississippi State Bulldogs,2026-09-07,2026-09-07T09:18:48Z,-1,-110,2026-09-12T19:30:00Z
2,Missouri Tigers@Kansas Jayhawks,Kansas Jayhawks,2026-09-07,2026-09-07T09:18:48Z,6.5,-114,2026-09-12T00:00:00Z
2,Missouri Tigers@Kansas Jayhawks,Missouri Tigers,2026-09-07,2026-09-07T09:18:48Z,-6.5,-109,2026-09-12T00:00:00Z
2,Oklahoma Sooners@Michigan Wolverines,Michigan Wolverines,2026-09-07,2026-09-07T09:18:48Z,6.5,-112,2026-09-12T16:00:00Z
2,Oklahoma Sooners@Michigan Wolverines,Oklahoma Sooners,2026-09-07,2026-09-07T09:18:48Z,-6.5,-110,2026-09-12T16:00:00Z
2,Tennessee Volunteers@Georgia Tech Yellow Jackets,Georgia Tech Yellow Jackets,2026-09-07,2026-09-07T09:18:48Z,13,-110,2026-09-12T23:00:00Z
2,Tennessee Volunteers@Georgia Tech Yellow Jackets,Tennessee Volunteers,2026-09-07,2026-09-07T09:18:48Z,-13,-108,2026-09-12T23:00:00Z
2,Ohio State Buckeyes@Texas Longhorns,Texas Longhorns,2026-09-07,2026-09-07T09:18:48Z,-1.5,-108,2026-09-12T23:30:00Z
2,Ohio State Buckeyes@Texas Longhorns,Ohio State Buckeyes,2026-09-07,2026-09-07T09:18:48Z,1,-110,2026-09-12T23:30:00Z
2,Arizona State Sun Devils@Texas A&M Aggies,Texas A&M Aggies,2026-09-07,2026-09-07T09:18:48Z,-14.5,-108,2026-09-12T16:00:00Z
2,Arizona State Sun Devils@Texas A&M Aggies,Arizona State Sun Devils,2026-09-07,2026-09-07T09:18:48Z,14,-110,2026-09-12T16:00:00Z
2,Delaware Blue Hens@Vanderbilt Commodores,Vanderbilt Commodores,2026-09-07,2026-09-07T09:18:48Z,-20.5,-115,2026-09-12T20:15:00Z
2,Delaware Blue Hens@Vanderbilt Commodores,Delaware Blue Hens,2026-09-07,2026-09-07T09:18:48Z,20.5,-110,2026-09-12T20:15:00Z
2,Oregon Ducks@Oklahoma State Cowboys,Oklahoma State Cowboys,2026-09-07,2026-09-07T09:18:48Z,22.5,-110,2026-09-12T16:00:00Z
2,Oregon Ducks@Oklahoma State Cowboys,Oregon Ducks,2026-09-07,2026-09-07T09:18:48Z,-22.5,-110,2026-09-12T16:00:00Z
2,Texas Tech Red Raiders@Oregon State Beavers,Oregon State Beavers,2026-09-07,2026-09-07T09:18:48Z,26.5,-112,2026-09-12T23:30:00Z
2,Texas Tech Red Raiders@Oregon State Beavers,Texas Tech Red Raiders,2026-09-07,2026-09-07T09:18:48Z,-26,-108,2026-09-12T23:30:00Z
2,Iowa State Cyclones@Iowa Hawkeyes,Iowa Hawkeyes,2026-09-07,2026-09-07T09:18:48Z,-14.5,-112,2026-09-12T23:30:00Z
2,Iowa State Cyclones@Iowa Hawkeyes,Iowa State Cyclones,2026-09-07,2026-09-07T09:18:48Z,14,-105,2026-09-12T23:30:00Z
2,UCF Knights@Pittsburgh Panthers,Pittsburgh Panthers,2026-09-07,2026-09-07T09:18:48Z,-7.5,-108,2026-09-12T19:30:00Z
2,UCF Knights@Pittsburgh Panthers,UCF Knights,2026-09-07,2026-09-07T09:18:48Z,7.5,-110,2026-09-12T19:30:00Z
2,Arizona Wildcats@BYU Cougars,BYU Cougars,2026-09-07,2026-09-07T09:18:48Z,-7.5,-110,2026-09-12T19:30:00Z
2,Arizona Wildcats@BYU Cougars,Arizona Wildcats,2026-09-07,2026-09-07T09:18:48Z,7.5,-110,2026-09-12T19:30:00Z
1,SMU Mustangs@Florida State Seminoles,Florida State Seminoles,2026-09-07,2026-09-07T09:18:48Z,3,-115,2026-09-07T23:30:00Z
1,SMU Mustangs@Florida State Seminoles,SMU Mustangs,2026-09-07,2026-09-07T09:18:48Z,-3,-105,2026-09-07T23:30:00Z
2,Rutgers Scarlet Knights@Boston College Eagles,Boston College Eagles,2026-09-07,2026-09-07T09:18:48Z,-3.5,-110,2026-09-11T23:30:00Z
2,Rutgers Scarlet Knights@Boston College Eagles,Rutgers Scarlet Knights,2026-09-07,2026-09-07T09:18:48Z,3.5,-110,2026-09-11T23:30:00Z
2,California Golden Bears@Syracuse Orange,Syracuse Orange,2026-09-07,2026-09-07T09:18:48Z,-3,-112,2026-09-12T19:30:00Z
2,California Golden Bears@Syracuse Orange,California Golden Bears,2026-09-07,2026-09-07T09:18:48Z,3,-105,2026-09-12T19:30:00Z
2,Duke Blue Devils@Illinois Fighting Illini,Illinois Fighting Illini,2026-09-07,2026-09-07T09:18:48Z,-6,-110,2026-09-12T19:30:00Z
2,Duke Blue Devils@Illinois Fighting Illini,Duke Blue Devils,2026-09-07,2026-09-07T09:18:48Z,6,-110,2026-09-12T19:30:00Z
2,Georgia Southern Eagles@Clemson Tigers,Clemson Tigers,2026-09-07,2026-09-07T09:18:48Z,-21,-110,2026-09-12T23:30:00Z
2,Georgia Southern Eagles@Clemson Tigers,Georgia Southern Eagles,2026-09-07,2026-09-07T09:18:48Z,21,-110,2026-09-12T23:30:00Z
2,Old Dominion Monarchs@Virginia Tech Hokies,Virginia Tech Hokies,2026-09-07,2026-09-07T09:18:48Z,-17.5,-115,2026-09-12T16:00:00Z
2,Old Dominion Monarchs@Virginia Tech Hokies,Old Dominion Monarchs,2026-09-07,2026-09-07T09:18:48Z,18,-108,2026-09-12T16:00:00Z
2,Wake Forest Demon Deacons@Purdue Boilermakers,Purdue Boilermakers,2026-09-07,2026-09-07T09:18:48Z,4.5,-113,2026-09-12T16:00:00Z
2,Wake Forest Demon Deacons@Purdue Boilermakers,Wake Forest Demon Deacons,2026-09-07,2026-09-07T09:18:48Z,-4.5,-106,2026-09-12T16:00:00Z
2,Eastern Michigan Eagles@Michigan State Spartans,Michigan State Spartans,2026-09-07,2026-09-07T09:18:48Z,-17.5,-110,2026-09-12T19:30:00Z
2,Eastern Michigan Eagles@Michigan State Spartans,Eastern Michigan Eagles,2026-09-07,2026-09-07T09:18:48Z,17.5,-112,2026-09-12T19:30:00Z
2,Bowling Green Falcons@Nebraska Cornhuskers,Nebraska Cornhuskers,2026-09-07,2026-09-07T09:18:48Z,-28.5,-110,2026-09-12T23:00:00Z
2,Bowling Green Falcons@Nebraska Cornhuskers,Bowling Green Falcons,2026-09-07,2026-09-07T09:18:48Z,28.5,-108,2026-09-12T23:00:00Z
2,Penn State Nittany Lions@Temple Owls,Temple Owls,2026-09-07,2026-09-07T09:18:48Z,23.5,-110,2026-09-12T16:00:00Z
2,Penn State Nittany Lions@Temple Owls,Penn State Nittany Lions,2026-09-07,2026-09-07T09:18:48Z,-23.5,-110,2026-09-12T16:00:00Z
2,San Diego State Aztecs@UCLA Bruins,UCLA Bruins,2026-09-07,2026-09-07T09:18:48Z,-11.5,-110,2026-09-12T23:15:00Z
2,San Diego State Aztecs@UCLA Bruins,San Diego State Aztecs,2026-09-07,2026-09-07T09:18:48Z,11,-108,2026-09-12T23:15:00Z
2,Maryland Terrapins@UConn Huskies,UConn Huskies,2026-09-07,2026-09-07T09:18:48Z,12.5,-112,2026-09-12T19:30:00Z
2,Maryland Terrapins@UConn Huskies,Maryland Terrapins,2026-09-07,2026-09-07T09:18:48Z,-12,-108,2026-09-12T19:30:00Z
2,Louisiana Ragin Cajuns@USC Trojans,USC Trojans,2026-09-07,2026-09-07T09:18:48Z,-30.5,-115,2026-09-13T03:00:00Z
2,Louisiana Ragin Cajuns@USC Trojans,Louisiana Ragin Cajuns,2026-09-07,2026-09-07T09:18:48Z,31.5,-115,2026-09-13T03:00:00Z
2,Memphis Tigers@Boise State Broncos,Boise State Broncos,2026-09-07,2026-09-07T09:18:48Z,-7.5,-115,2026-09-12T22:00:00Z
2,Memphis Tigers@Boise State Broncos,Memphis Tigers,2026-09-07,2026-09-07T09:18:48Z,8.5,-115,2026-09-12T22:00:00Z
2,Sacramento State@Fresno State Bulldogs,Fresno State Bulldogs,2026-09-07,2026-09-07T09:18:48Z,-18.5,-110,2026-09-13T02:30:00Z
2,Sacramento State@Fresno State Bulldogs,Sacramento State,2026-09-07,2026-09-07T09:18:48Z,18.5,-110,2026-09-13T02:30:00Z
2,South Florida Bulls@Army Black Knights,Army Black Knights,2026-09-07,2026-09-07T09:18:48Z,-3.5,-110,2026-09-12T16:00:00Z
2,South Florida Bulls@Army Black Knights,South Florida Bulls,2026-09-07,2026-09-07T09:18:48Z,3.5,-110,2026-09-12T16:00:00Z
2,UNLV Rebels@North Texas Mean Green,North Texas Mean Green,2026-09-07,2026-09-07T09:18:48Z,4.5,-110,2026-09-12T19:45:00Z
2,UNLV Rebels@North Texas Mean Green,UNLV Rebels,2026-09-07,2026-09-07T09:18:48Z,-4.5,-110,2026-09-12T19:45:00Z
2,Tulsa Golden Hurricane@Sam Houston State Bearkats,Sam Houston State Bearkats,2026-09-07,2026-09-07T09:18:48Z,13.5,-106,2026-09-12T23:00:00Z
2,Tulsa Golden Hurricane@Sam Houston State Bearkats,Tulsa Golden Hurricane,2026-09-07,2026-09-07T09:18:48Z,-13.5,-114,2026-09-12T23:00:00Z
2,UL Monroe Warhawks@UAB Blazers,UAB Blazers,2026-09-07,2026-09-07T09:18:48Z,-11,-108,2026-09-12T19:30:00Z
2,UL Monroe Warhawks@UAB Blazers,UL Monroe Warhawks,2026-09-07,2026-09-07T09:18:48Z,11,-110,2026-09-12T19:30:00Z
2,North Dakota State@Air Force Falcons,Air Force Falcons,2026-09-07,2026-09-07T09:18:47Z,3.5,-112,2026-09-13T02:00:00Z
2,North Dakota State@Air Force Falcons,North Dakota State,2026-09-07,2026-09-07T09:18:47Z,-3.5,-105,2026-09-13T02:00:00Z
2,App State Mountaineers@East Carolina Pirates,East Carolina Pirates,2026-09-07,2026-09-07T09:18:48Z,-8.5,-110,2026-09-12T16:00:00Z
2,App State Mountaineers@East Carolina Pirates,App State Mountaineers,2026-09-07,2026-09-07T09:18:48Z,8.5,-110,2026-09-12T16:00:00Z
2,South Alabama Jaguars@Tulane Green Wave,Tulane Green Wave,2026-09-07,2026-09-07T09:18:48Z,-10.5,-105,2026-09-12T23:00:00Z
2,South Alabama Jaguars@Arkansas State Red Wolves,South Alabama Jaguars,2026-09-07,2026-09-07T09:18:48Z,10.5,-110,2026-09-12T23:00:00Z
2,South Alabama Jaguars@Tulane Green Wave,South Alabama Jaguars,2026-09-07,2026-09-07T09:18:48Z,10.5,-112,2026-09-12T23:00:00Z
2,New Mexico State Aggies@Hawaii Rainbow Warriors,Hawaii Rainbow Warriors,2026-09-07,2026-09-07T09:18:48Z,-9.5,-115,2026-09-13T04:00:00Z
2,New Mexico State Aggies@Hawaii Rainbow Warriors,New Mexico State Aggies,2026-09-07,2026-09-07T09:18:48Z,10,-110,2026-09-13T04:00:00Z
2,Buffalo Bulls@Florida International Panthers,Florida International Panthers,2026-09-07,2026-09-07T09:18:48Z,-10.5,-110,2026-09-12T22:00:00Z
2,Buffalo Bulls@Florida International Panthers,Buffalo Bulls,2026-09-07,2026-09-07T09:18:48Z,10.5,-115,2026-09-12T22:00:00Z
2,Jacksonville State Gamecocks@Ohio Bobcats,Ohio Bobcats,2026-09-07,2026-09-07T09:18:48Z,-2.5,-108,2026-09-12T22:00:00Z
2,Jacksonville State Gamecocks@Ohio Bobcats,Jacksonville State Gamecocks,2026-09-07,2026-09-07T09:18:48Z,1.5,-106,2026-09-12T22:00:00Z
2,Louisiana Tech Bulldogs@LSU Tigers,LSU Tigers,2026-09-07,2026-09-07T09:18:48Z,-33.5,-108,2026-09-12T23:30:00Z
2,Louisiana Tech Bulldogs@LSU Tigers,Louisiana Tech Bulldogs,2026-09-07,2026-09-07T09:18:48Z,33.5,-110,2026-09-12T23:30:00Z
2,Georgia State Panthers@Kennesaw State Owls,Kennesaw State Owls,2026-09-07,2026-09-07T09:18:47Z,-9.5,-110,2026-09-12T23:00:00Z
2,Georgia State Panthers@Kennesaw State Owls,Georgia State Panthers,2026-09-07,2026-09-07T09:18:47Z,9.5,-110,2026-09-12T23:00:00Z
2,Middle Tennessee Blue Raiders@Marshall Thundering Herd,Marshall Thundering Herd,2026-09-07,2026-09-07T09:18:47Z,-14,-110,2026-09-12T23:00:00Z
2,Middle Tennessee Blue Raiders@Marshall Thundering Herd,Middle Tennessee Blue Raiders,2026-09-07,2026-09-07T09:18:47Z,14.5,-118,2026-09-12T23:00:00Z
